periode,ihpb_nasional,ihpb_industri,ihpb_impor,ihpb_ekspor,kurs_tengah,kurs_jual,kurs_beli,year,bulan,ihpb_nasional_pct_change,ihpb_industri_pct_change,ihpb_impor_pct_change,kurs_tengah_pct_change,kurs_spread,target_ihpb_h1,target_change_pct_h1,target_direction_h1,target_ihpb_h2,target_change_pct_h2,target_direction_h2,target_ihpb_h3,target_change_pct_h3,target_direction_h3
2014-08,130.52,121.37,135.15,140.71,11709.62,11768.17,11651.07,2014,8,0.06900253009276547,0.713633723342455,-0.30980305377295014,0.37278857684597266,117.10000000000036,130.96,0.3371130861170684,stabil,131.7,0.9040760036775807,naik,132.81,1.7545203800183817,naik
2014-09,130.96,121.51,134.65,141.12,11874.0,11933.37,11814.63,2014,9,0.3371130861170579,0.11534975694158511,-0.36995930447650816,1.4038030269128976,118.7400000000016,131.7,0.5650580329871568,naik,132.81,1.4126450824679246,naik,133.48,1.9242516799022464,naik
2014-10,131.7,122.07,138.96,141.48,12133.17,12193.84,12072.51,2014,10,0.5650580329871646,0.4608674183194772,3.2008911994058753,2.18266801414857,121.32999999999993,132.81,0.8428246013667531,naik,133.48,1.3515565679574801,naik,133.19,1.1313591495823914,naik
2014-11,132.81,122.65,140.39,141.2,12146.9,12207.63,12086.17,2014,11,0.842824601366754,0.4751372163512846,1.0290731145653265,0.11316086397865632,121.45999999999913,133.48,0.5044800843309897,naik,133.19,0.28612303290414537,stabil,133.48,0.5044800843309897,naik
2014-12,133.48,123.47,140.06,140.97,12422.74,12484.85,12360.63,2014,12,0.5044800843309938,0.6685690990623661,-0.23505947717072928,2.270867464126658,124.22000000000116,133.19,-0.21726101288581964,stabil,133.48,0.0,stabil,133.44,-0.029967036260107913,stabil
2015-01,133.19,123.8,139.31,138.58,12527.77,12590.41,12465.13,2015,1,-0.21726101288581656,0.2672714019599898,-0.5354847922318995,0.845465654114963,125.28000000000065,133.48,0.21773406411892188,stabil,133.44,0.18770177941286884,stabil,133.67,0.3603874164727005,stabil
2015-02,133.48,124.07,139.1,137.32,12735.15,12798.83,12671.47,2015,2,0.21773406411891294,0.21809369951535373,-0.150742947383542,1.655362446788211,127.36000000000058,133.44,-0.029967036260107913,stabil,133.67,0.1423434222355392,stabil,135.16,1.258615522924788,naik
2015-03,133.44,124.03,139.3,134.29,13034.05,13099.22,12968.88,2015,3,-0.02996703626010344,-0.03223986459256478,0.14378145219267058,2.3470473453394813,130.34000000000015,133.67,0.17236211031174292,stabil,135.16,1.288968824940047,naik,132.44,-0.749400479616307,turun
2015-04,133.67,124.42,136.28,131.89,12938.14,13002.83,12873.45,2015,4,0.1723621103117523,0.3144400548254378,-2.167982770997856,-0.7358418910469067,129.3799999999992,135.16,1.1146854193162334,naik,132.44,-0.9201765542006359,turun,133.9,0.17206553452533718,stabil
2015-05,135.16,126.25,134.09,130.53,13082.76,13148.18,13017.35,2015,5,1.1146854193162303,1.4708246262658653,-1.6069856178456132,1.1177804537592095,130.82999999999993,132.44,-2.0124297129328195,turun,133.9,-0.9322284699615204,turun,133.69,-1.087599881621781,turun
2015-06,132.44,122.83,137.37,138.73,13282.5,13348.91,13216.09,2015,6,-2.0124297129328172,-2.7089108910891113,2.4461182787679947,1.5267420636012607,132.8199999999997,133.9,1.1023859861069223,naik,133.69,0.9438236182422229,naik,134.69,1.6988825128360012,naik
2015-07,133.9,126.95,132.15,126.07,13351.61,13418.37,13284.85,2015,7,1.102385986106924,3.3542294227794534,-3.799956322341125,0.5203086768304166,133.52000000000044,133.69,-0.15683345780433752,stabil,134.69,0.5899925317400986,naik,135.34,1.0754294249439864,naik
2015-08,133.69,126.8,132.14,128.53,13690.0,13758.45,13621.55,2015,8,-0.15683345780433955,-0.11815675462780728,-0.007567158531984752,2.5344509014268546,136.90000000000146,134.69,0.7479991024010771,naik,135.34,1.2341985189617817,naik,137.74,3.029396364724371,naik
2015-09,134.69,128.13,133.0,129.24,14343.95,14415.67,14272.23,2015,9,0.7479991024010868,1.0488958990536368,0.650824882700185,4.776844411979542,143.4400000000005,135.34,0.4825896503081192,stabil,137.74,2.2644591283688555,naik,138.54,2.8584156210557534,naik
2015-10,135.34,127.88,133.56,131.35,13761.0,13829.8,13692.2,2015,10,0.4825896503081184,-0.1951143370014785,0.42105263157894424,-4.064082766601951,137.59999999999854,137.74,1.7733116595241656,naik,138.54,2.3644155460322067,naik,139.01,2.7116890793556876,naik
2015-11,137.74,128.53,134.75,134.89,13612.1,13680.16,13544.03,2015,11,1.7733116595241682,0.5082890209571422,0.8909853249475796,-1.0820434561441772,136.1299999999992,138.54,0.5808044141135348,naik,139.01,0.922027007405243,naik,140.88,2.279657325395663,naik
2015-12,138.54,129.5,134.97,132.28,13813.52,13882.59,13744.45,2015,12,0.5808044141135449,0.7546876215669407,0.16326530612245094,1.4797129024911593,138.13999999999942,139.01,0.3392522015302432,stabil,140.88,1.6890428757037705,naik,140.52,1.429190125595509,naik
2016-01,139.01,129.66,135.0,131.78,13840.71,13909.92,13771.51,2016,1,0.33925220153023794,0.12355212355212863,0.02222716159145932,0.19683614314092157,138.40999999999985,140.88,1.3452269620890618,naik,140.52,1.0862527875692536,naik,140.05,0.748147615279491,naik
2016-02,140.88,130.14,135.1,133.38,13499.95,13567.45,13432.45,2016,2,1.3452269620890522,0.3701989819527851,0.07407407407407085,-2.462012425663118,135.0,140.52,-0.25553662691651424,stabil,140.05,-0.5891538898353096,turun,141.39,0.3620102214650702,stabil
2016-03,140.52,129.18,135.4,131.19,13122.96,13188.57,13057.34,2016,3,-0.25553662691651935,-0.7376671277086078,0.22205773501111636,-2.7925288612180132,131.22999999999956,140.05,-0.33447196128664874,stabil,141.39,0.619128949615696,naik,143.34,2.0068317677198926,naik
2016-04,140.05,129.46,135.29,129.05,13147.95,13213.69,13082.21,2016,4,-0.33447196128665313,0.21675181916704922,-0.08124076809454817,0.1904295982004145,131.48000000000138,141.39,0.9568011424491074,naik,143.34,2.349161013923593,naik,138.26,-1.278114958943249,turun
2016-05,141.39,129.89,135.39,129.09,13395.45,13462.43,13328.48,2016,5,0.9568011424491152,0.3321489263092614,0.0739152930741227,1.8824227351031952,133.95000000000073,143.34,1.3791640144281896,naik,138.26,-2.2137350590565075,turun,142.7,0.9265153122568799,naik
2016-06,143.34,130.55,133.52,128.73,13334.27,13400.94,13267.6,2016,6,1.3791640144281914,0.5081222572946631,-1.3811950661053118,-0.4567222452399933,133.34000000000015,138.26,-3.5440212083159004,turun,142.7,-0.44649086089020146,stabil,141.71,-1.1371564113297024,turun
2016-07,138.26,128.89,134.19,130.46,13101.62,13167.13,13036.11,2016,7,-3.544021208315906,-1.2715434699349104,0.5017974835230588,-1.744752431141705,131.01999999999862,142.7,3.2113409518298845,naik,141.71,2.4952987125705315,naik,144.78,4.715752929263714,naik
2016-08,142.7,131.31,128.36,125.29,13145.39,13211.12,13079.66,2016,8,3.2113409518298885,1.877570020948105,-4.344586034726872,0.3340808235927861,131.46000000000095,141.71,-0.6937631394533852,turun,144.78,1.457603363700079,naik,146.07,2.36159775753329,naik
2016-09,141.71,130.85,125.17,122.92,13114.05,13179.62,13048.48,2016,9,-0.693763139453385,-0.3503160459980226,-2.4851978809598108,-0.23841057587489223,131.14000000000124,144.78,2.1663961611742244,naik,146.07,3.076705948768601,naik,148.17,4.558605602992012,naik
2016-10,144.78,131.74,125.01,122.76,13015.24,13080.31,12950.16,2016,10,2.166396161174222,0.6801681314482444,-0.1278261564272576,-0.7534667017435437,130.14999999999964,146.07,0.8910070451719796,naik,148.17,2.3414836303356723,naik,149.79,3.4604227103190985,naik
2016-11,146.07,132.01,127.23,127.54,13317.05,13383.63,13250.46,2016,11,0.8910070451719765,0.20494914224986616,1.7758579313654987,2.3188969239138046,133.17000000000007,148.17,1.4376668720476447,naik,149.79,2.546724173341548,naik,151.11,3.4504004929143703,naik
2016-12,148.17,132.7,127.65,135.17,13414.55,13481.62,13347.47,2016,12,1.4376668720476493,0.5226876751761145,0.3301108229191163,0.7321441310200072,134.15000000000146,149.79,1.093338732536954,naik,151.11,1.9842073294189286,naik,151.64,2.341904569076061,naik
2017-01,149.79,134.28,128.62,135.33,13352.23,13418.99,13285.47,2017,1,1.0933387325369637,1.190655614167313,0.759890325107726,-0.4645701868493557,133.52000000000044,151.11,0.8812337272181198,naik,151.64,1.235062420722341,naik,152.64,1.9026637292209054,naik
2017-02,151.11,135.05,128.23,136.65,13330.6,13397.25,13263.95,2017,2,0.8812337272181114,0.5734286565385771,-0.30321878401493585,-0.16199541200233591,133.29999999999927,151.64,0.35073787307257803,stabil,152.64,1.012507444907665,naik,153.01,1.2573621864866502,naik
2017-03,151.64,135.18,128.13,135.36,13332.39,13399.05,13265.73,2017,3,0.35073787307258186,0.09626064420584779,-0.07798487093503281,0.013427752689287864,133.3199999999997,152.64,0.6594566077552098,naik,153.01,0.9034555526246404,naik,153.51,1.2331838565022453,naik
2017-04,152.64,135.54,128.73,138.45,13290.65,13357.1,13224.2,2017,4,0.6594566077552155,0.26631158455392434,0.4682744088035484,-0.3130721498545985,132.89999999999964,153.01,0.24240041928721476,stabil,153.51,0.5699685534591225,naik,154.81,1.4216457023060902,naik
2017-05,153.01,135.51,129.34,139.62,13317.13,13383.72,13250.54,2017,5,0.24240041928722533,-0.022133687472336572,0.4738600170900442,0.19923781003938767,133.17999999999847,153.51,0.32677602771060715,stabil,154.81,1.1763936997581932,naik,149.16,-2.5161754133716716,turun
2017-06,153.51,135.98,130.11,139.29,13294.77,13361.25,13228.3,2017,6,0.3267760277106069,0.3468378717437881,0.5953301376217857,-0.167904045391154,132.95000000000073,154.81,0.8468503680542059,naik,149.16,-2.833691616181353,turun,155.95,1.5894729985017249,naik
2017-07,154.81,136.93,130.66,141.33,13332.8,13399.46,13266.14,2017,7,0.8468503680542083,0.6986321517870486,0.4227192375682032,0.2860523348655164,133.3199999999997,149.16,-3.6496350364963543,turun,155.95,0.7363865383373078,naik,156.17,0.8784962211743331,naik
2017-08,149.16,133.92,128.1,133.31,13332.17,13398.83,13265.51,2017,8,-3.649635036496357,-2.1982034616227386,-1.9592836369202504,-0.004725189007559472,133.3199999999997,155.95,4.552158755698573,naik,156.17,4.699651381067305,naik,156.83,5.142129257173516,naik
2017-09,155.95,138.29,131.09,141.99,13300.67,13367.17,13234.16,2017,9,4.552158755698565,3.2631421744325095,2.3341139734582406,-0.23627061461112264,133.01000000000022,156.17,0.141070856043603,stabil,156.83,0.5642834241744302,naik,155.42,-0.3398525168323188,stabil
2017-10,156.17,138.6,131.88,141.88,13517.91,13585.5,13450.32,2017,10,0.14107085604360137,0.22416660640682817,0.602639408040262,1.633301179564639,135.1800000000003,156.83,0.4226163795863643,stabil,155.42,-0.4802458858935776,stabil,154.99,-0.7555868604725482,turun
2017-11,156.83,138.35,133.36,145.76,13515.52,13583.1,13447.95,2017,11,0.4226163795863602,-0.18037518037518074,1.122232332423434,-0.01768024790813616,135.14999999999964,155.42,-0.8990626793343269,turun,154.99,-1.1732449148759825,turun,154.84,-1.2688898807626148,turun
2017-12,155.42,137.83,133.41,145.22,13548.0,13615.74,13480.26,2017,12,-0.8990626793343282,-0.3758583303216323,0.037492501499691855,0.24031631783312246,135.47999999999956,154.99,-0.2766696692832187,stabil,154.84,-0.3731823446145825,stabil,154.49,-0.5983785870544194,turun
2018-01,154.99,138.11,133.76,144.04,13384.74,13451.66,13317.82,2018,1,-0.2766696692832138,0.2031488065007636,0.26234914923919384,-1.2050487156775924,133.84000000000015,154.84,-0.09678043744758093,stabil,154.49,-0.32260145815859087,stabil,154.84,-0.09678043744758093,stabil
2018-02,154.84,138.23,133.9,142.91,13579.65,13647.55,13511.75,2018,2,-0.09678043744758558,0.08688726377523714,0.1046650717703379,1.4562105801083858,135.79999999999927,154.49,-0.22603978300180463,stabil,154.84,0.0,stabil,155.83,0.6393696719194065,naik
2018-03,154.49,138.0,133.89,140.85,13749.05,13817.79,13680.3,2018,3,-0.22603978300180794,-0.16638935108151953,-0.007468259895460072,1.2474548313100797,137.4900000000016,154.84,0.22655188038060345,stabil,155.83,0.8673700563143267,naik,156.86,1.5340798757201142,naik
2018-04,154.84,138.17,134.34,142.17,13799.36,13868.36,13730.37,2018,4,0.22655188038060992,0.12318840579710333,0.3360967958772276,0.3659161905731789,137.98999999999978,155.83,0.6393696719194065,naik,156.86,1.3045724618961574,naik,157.85,1.9439421338155456,naik
2018-05,155.83,138.79,136.65,144.29,14071.2,14141.56,14000.85,2018,5,0.6393696719193986,0.44872258811610166,1.71951764180438,1.9699464322983085,140.70999999999913,156.86,0.660976705384073,naik,157.85,1.2962844125007904,naik,159.04,2.0599371109542317,naik
2018-06,156.86,139.21,138.26,146.9,13988.73,14058.68,13918.79,2018,6,0.6609767053840754,0.3026154622091104,1.1781924624954199,-0.5860907385297764,139.88999999999942,157.85,0.6311360448807731,naik,159.04,1.3897743210506046,naik,156.09,-0.4908835904628396,stabil
2018-07,157.85,139.82,139.01,149.49,14407.46,14479.5,14335.42,2018,7,0.6311360448807646,0.43818691185977254,0.542456241863154,2.993338208686569,144.07999999999993,159.04,0.7538802660753866,naik,156.09,-1.1149825783972067,turun,160.94,1.9575546404814719,naik
2018-08,159.04,140.43,140.45,150.83,14551.13,14623.88,14478.37,2018,8,0.7538802660753907,0.43627521098557054,1.0358966980792639,0.9971917326162982,145.5099999999984,156.09,-1.8548792756539165,turun,160.94,1.1946680080482934,naik,161.52,1.5593561368209372,naik
2018-09,156.09,138.65,135.0,144.69,14864.54,14938.86,14790.22,2018,9,-1.85487927565392,-1.267535426903088,-3.8803844784620733,2.1538533433486107,148.64000000000124,160.94,3.1071817541162114,naik,161.52,3.4787622525466118,naik,162.35,4.010506758921129,naik
2018-10,160.94,141.57,142.35,153.92,15215.07,15291.14,15138.99,2018,10,3.107181754116217,2.1060223584565385,5.4444444444444295,2.358162445659251,152.14999999999964,161.52,0.36038275133590936,stabil,162.35,0.8761028954889999,naik,163.03,1.2986206039517854,naik
2018-11,161.52,142.11,143.18,154.46,14706.37,14779.9,14632.84,2018,11,0.36038275133591924,0.381436745073116,0.5830698981384108,-3.343395725422227,147.0599999999995,162.35,0.5138682516096978,naik,163.03,0.9348687469044024,naik,164.16,1.6344725111441223,naik
2018-12,162.35,142.31,143.78,156.64,14525.52,14598.15,14452.89,2018,12,0.513868251609706,0.1407360495390808,0.41905294035480267,-1.2297392218474035,145.26000000000022,163.03,0.41884816753927123,stabil,164.16,1.114875269479521,naik,165.05,1.6630736064059237,naik
2019-01,163.03,142.39,143.98,159.12,14182.65,14253.57,14111.74,2019,1,0.41884816753927634,0.05621530461668023,0.1391014049241912,-2.3604662690216993,141.82999999999993,164.16,0.6931239649144302,naik,165.05,1.2390357602895234,naik,166.01,1.8278844384469053,naik
2019-02,164.16,142.97,145.11,162.77,14027.04,14097.17,13956.9,2019,2,0.6931239649144327,0.40733197556008793,0.7848312265592572,-1.0971856458419138,140.27000000000044,165.05,0.5421539961013735,naik,166.01,1.1269493177387881,naik,166.28,1.2914230019493207,naik
2019-03,165.05,143.23,147.32,164.43,14213.8,14284.87,14142.73,2019,3,0.5421539961013799,0.18185633349652175,1.5229825649507145,1.3314284410681054,142.14000000000124,166.01,0.5816419266888697,naik,166.28,0.745228718570124,naik,167.2,1.302635564980295,naik
2019-04,166.01,143.74,148.64,166.04,14145.93,14216.66,14075.2,2019,4,0.5816419266888806,0.3560706555889359,0.8960086885690943,-0.4774937033024118,141.45999999999913,166.28,0.16264080477080312,stabil,167.2,0.7168242876935111,naik,167.95,1.168604300945725,naik
2019-05,166.28,143.79,149.3,167.11,14387.61,14459.55,14315.68,2019,5,0.16264080477079723,0.03478502852372056,0.4440258342303771,1.7084772793305225,143.86999999999898,167.2,0.5532836179937379,naik,167.95,1.0043300457060305,naik,166.26,-0.01202790473900062,stabil
2019-06,167.2,144.14,150.36,171.36,14248.32,14319.57,14177.08,2019,6,0.5532836179937384,0.24341052924403694,0.7099799062290746,-0.9681246572571856,142.48999999999978,167.95,0.4485645933014354,stabil,166.26,-0.5622009569377977,turun,164.48,-1.6267942583732053,turun
2019-07,167.95,144.66,151.51,172.82,14073.09,14143.46,14002.73,2019,7,0.44856459330142595,0.3607603718607022,0.7648310720936191,-1.2298292009163103,140.72999999999956,166.26,-1.006251860672818,turun,164.48,-2.0660910985412317,turun,164.6,-1.9946412622804375,turun
2019-08,166.26,144.94,153.1,162.86,14256.91,14328.2,14185.63,2019,8,-1.0062518606728132,0.19355730678833893,1.0494356808131489,1.306180803220891,142.57000000000153,164.48,-1.0706122939973544,turun,164.6,-0.9984361842896647,turun,164.47,-1.0766269698063227,turun
2019-09,164.48,145.26,149.59,155.93,14131.8,14202.45,14061.14,2019,9,-1.0706122939973528,0.22078101283289353,-2.2926192031352044,-0.8775393826572553,141.3100000000013,164.6,0.07295719844358253,stabil,164.47,-0.006079766536959451,stabil,164.85,0.2249513618677071,stabil
2019-10,164.6,143.43,147.35,162.29,14135.52,14206.19,14064.84,2019,10,0.07295719844357951,-1.2598099958694653,-1.4974262985493758,0.02632361058039212,141.35000000000036,164.47,-0.07897934386390976,stabil,164.85,0.15188335358444716,stabil,147.67901893170125,-10.280061402368618,turun
2019-11,164.47,145.46,148.45,155.59,14019.37,14089.47,13949.27,2019,11,-0.07897934386390526,1.4153245485602817,0.7465218866643974,-0.8216889085084889,140.1999999999989,164.85,0.23104517541192646,stabil,147.67901893170125,-10.209145174377547,turun,148.643592004027,-9.622671609395635,turun
2019-12,164.85,145.64,149.56,159.05,13989.82,14059.77,13919.87,2019,12,0.23104517541192582,0.12374535954899901,0.7477265072415085,-0.21077979966290794,139.89999999999964,147.67901893170125,-10.416124396905516,turun,148.643592004027,-9.831002727311493,turun,150.94791101104218,-8.433175000884328,turun
2020-02,147.67901893170125,99.16333005,103.59388839,103.29003539,13758.87,13827.66,13690.07,2020,2,-10.416124396905513,-31.912022761603954,-30.73422814255148,-1.6508432560247255,137.59000000000015,148.643592004027,0.6531551193279835,naik,150.94791101104218,2.213511508261529,naik,149.4776267324959,1.2179169483963583,naik
2020-03,148.643592004027,99.81345117,103.81275981,103.39171939,15119.27,15194.86,15043.67,2020,3,0.653155119327975,0.6556063815849944,0.21127831323022317,9.887439884234684,151.1900000000005,150.94791101104218,1.5502309759527024,naik,149.4776267324959,0.5610969953190529,naik,148.25831014056493,-0.2591984345020612,stabil
2020-04,150.94791101104218,100.72294043,104.08440333,103.47456139,15782.95,15861.87,15704.04,2020,4,1.5502309759527044,0.9111890725539418,0.2616667936553796,4.3896299226086954,157.82999999999993,149.4776267324959,-0.9740342007374444,turun,148.25831014056493,-1.7818072820368476,turun,148.38264511299369,-1.6994378265101262,turun
2020-05,149.4776267324959,99.98998229,104.199312,103.37471886,14885.24,14959.67,14810.82,2020,5,-0.9740342007374392,-0.7276973218522942,0.11039950878681815,-5.687846695326293,148.85000000000036,148.25831014056493,-0.8157184580626614,turun,148.38264511299369,-0.7325388042598456,turun,148.7874250083088,-0.4617424956995734,stabil
2020-06,148.25831014056493,100.05026141,104.353673,103.54030981,14184.58,14255.5,14113.65,2020,6,-0.8157184580626642,0.06028515919243027,0.14814013359318867,-4.707078958753774,141.85000000000036,148.38264511299369,0.08386374585739743,stabil,148.7874250083088,0.35688715677535976,stabil,148.85635972815322,0.40338351828054464,stabil
2020-07,148.38264511299369,100.53453418,104.33190624,103.4526695,14516.47,14589.05,14443.89,2020,7,0.0838637458574043,0.48402948995351913,-0.02085864289607109,2.33979434005096,145.15999999999985,148.7874250083088,0.272794635118454,stabil,148.85635972815322,0.3192520357072771,stabil,148.68457652376662,0.20348162047051782,stabil
2020-08,148.7874250083088,101.06308771,104.50889196,103.37987686,14641.91,14715.12,14568.7,2020,8,0.27279463511844515,0.5257432526157402,0.16963719573270808,0.8641219249583498,146.42000000000007,148.85635972815322,0.04633101207349054,stabil,148.68457652376662,-0.06912444686533223,stabil,147.89865670650005,-0.597341006310921,turun
2020-09,148.85635972815322,100.90644416512708,104.56590828695226,103.36147840852225,14803.13,14877.15,14729.12,2020,9,0.04633101207349721,-0.15499580353453002,0.0545564361873474,1.1010858556021574,148.02999999999884,148.68457652376662,-0.11540199202796325,stabil,147.89865670650005,-0.6433739367281084,turun,147.7003057723228,-0.776623825775168,turun
2020-10,148.68457652376662,101.05775810845364,104.71154078384968,103.56655589519256,14717.47,14791.05,14643.88,2020,10,-0.11540199202796364,0.14995468780858445,0.13927340113353281,-0.5786614047164296,147.17000000000007,147.89865670650005,-0.5285819387870053,turun,147.7003057723228,-0.6619857785225616,turun,148.57767707262755,-0.0718967990079212,stabil
2020-11,147.89865670650005,101.3973181,104.91617053,104.05808115,14187.22,14258.15,14116.28,2020,11,-0.5285819387870094,0.33600586229307616,0.1954223427699464,-3.6028610895758595,141.86999999999898,147.7003057723228,-0.13411273543266647,stabil,148.57767707262755,0.45911192248013194,stabil,147.70870342319353,-0.1284347590008733,stabil
2020-12,147.7003057723228,101.45567562,105.13102211,104.61779537,14101.69,14172.2,14031.18,2020,12,-0.13411273543266766,0.05755331708323652,0.20478404702977127,-0.602866523533141,141.02000000000044,148.57767707262755,0.5940213161489388,naik,147.70870342319353,0.005685601547554384,stabil,147.90112357947493,0.13596302736278087,stabil
2021-01,148.57767707262755,100.44346136363173,104.30349361506684,103.54602779697622,14015.52,14085.6,13945.44,2021,1,0.5940213161489405,-0.9976911101154062,-0.7871401593216754,-0.6110615110671125,140.15999999999985,147.70870342319353,-0.5848615125469048,turun,147.90112357947493,-0.45535339257048196,stabil,148.78488041453764,0.13945792261162,stabil
2021-02,147.70870342319353,102.98012012,105.61011614,105.20467409,13999.61,14069.61,13929.61,2021,2,-0.5848615125469081,2.5254593200296993,1.252712138056733,-0.11351701542290371,140.0,147.90112357947493,0.13027001918099995,stabil,148.78488041453764,0.7285806228092104,naik,149.23046830673923,1.0302472693066433,naik
2021-03,147.90112357947493,104.27935949,105.88719968,105.3988097,14379.49,14451.39,14307.6,2021,3,0.13027001918100023,1.2616409540851636,0.26236458222683723,2.7135041619016365,143.78999999999905,148.78488041453764,0.5975321983188479,naik,149.23046830673923,0.8988063748886759,naik,149.2788181145566,0.9314970040382193,naik
2021-04,148.78488041453764,104.73267176,106.08142981,105.53477562,14561.08,14633.88,14488.27,2021,4,0.5975321983188397,0.43470948826020983,0.1834311707052283,1.2628403371746755,145.60999999999876,149.23046830673923,0.2994846593014763,stabil,149.2788181145566,0.33198111168471833,stabil,149.18446793747478,0.268567291127853,stabil
2021-05,149.23046830673923,105.39089884,106.42515019,105.85993614,14333.95,14405.62,14262.28,2021,5,0.2994846593014744,0.6284830406201758,0.32401559878634245,-1.5598430885621073,143.34000000000015,149.2788181145566,0.032399421087382856,stabil,149.18446793747478,-0.030825051872044793,stabil,149.70249385763847,0.3163064193627073,stabil
2021-06,149.2788181145566,105.5921065,106.74567017,106.2003533,14364.23,14436.05,14292.41,2021,6,0.032399421087392355,0.19091559348540788,0.30116939410258503,0.21124672543157974,143.63999999999942,149.18446793747478,-0.06320399523086874,stabil,149.70249385763847,0.28381504384416006,stabil,149.23091795461715,-0.03208771381260969,stabil
2021-07,149.18446793747478,106.22268916,106.98374181,106.16298739,14543.39,14616.1,14470.67,2021,7,-0.06320399523086495,0.5971873096404234,0.22302697582099462,1.2472649073427489,145.4300000000003,149.70249385763847,0.34723850768486564,stabil,149.23091795461715,0.03113596058930501,stabil,149.252561899276,0.04564413624464158,stabil
2021-08,149.70249385763847,106.99569105,107.1148337,106.25798632,14406.07,14478.1,14334.04,2021,8,0.347238507684855,0.7277182456147946,0.12253440362257617,-0.9442090186675856,144.0599999999995,149.23091795461715,-0.31500871553266774,stabil,149.252561899276,-0.300550743523577,stabil,149.3540850459472,-0.23273414003550913,stabil
2021-09,149.23091795461715,108.18545551,107.35078983,106.35327559,14270.02,14341.37,14198.67,2021,9,-0.31500871553267196,1.1119741816929762,0.220283336910021,-0.944393578540148,142.70000000000073,149.252561899276,0.014503659801536761,stabil,149.3540850459472,0.0825345665751976,stabil,149.64335765629264,0.27637684424142517,stabil
2021-10,149.252561899276,108.70024984,107.56582909,106.34491914,14194.09,14265.06,14123.12,2021,10,0.014503659801534674,0.47584430603282435,0.20031455785329833,-0.5320945590826076,141.9399999999987,149.3540850459472,0.0680210412332469,stabil,149.64335765629264,0.2618352087519704,stabil,149.96861753285188,0.47976103355539823,stabil
2021-11,149.3540850459472,109.42952795,107.92907975,106.53630824,14285.52,14356.95,14214.1,2021,11,0.06802104123324604,0.6709074828010531,0.33770079501369565,0.6441413292433751,142.85000000000036,149.64335765629264,0.19368242271810487,stabil,149.96861753285188,0.41146011286911816,stabil,149.10337464354996,-0.1678631035234847,stabil
2021-12,149.64335765629264,110.61976658,108.40400719,106.88112067,14323.86,14395.48,14252.24,2021,12,0.1936824227181111,1.0876759246771561,0.4400365880076862,0.2683836500176451,143.23999999999978,149.96861753285188,0.2173567084122202,stabil,149.10337464354996,-0.3608466297467994,stabil,150.1820105340849,0.3599577597219254,stabil
2022-01,149.96861753285188,110.89988042,108.96784152,107.66135539,14339.84,14411.54,14268.14,2022,1,0.21735670841223076,0.25322223022177237,0.5201231436138265,0.11156210686225077,143.40000000000146,149.10337464354996,-0.576949300151004,turun,150.1820105340849,0.1422917706007858,stabil,150.22976938722115,0.17413766871063302,stabil
2022-02,149.10337464354996,107.00236810166666,107.08880740666665,106.19970846583333,14352.96,14424.72,14281.19,2022,2,-0.5769493001510084,-3.514442309200594,-1.7243932587106103,0.0914933499955195,143.52999999999884,150.1820105340849,0.7234148074203904,naik,150.22976938722115,0.7554455064239723,naik,151.031983828159,1.2934711834790038,naik
2022-03,150.1820105340849,111.07237556,109.77986293,108.46676367,14343.6,14415.32,14271.89,2022,3,0.7234148074203972,3.8036611063283043,2.512919499714039,-0.06521302922880556,143.4300000000003,150.22976938722115,0.031800648404170406,stabil,151.031983828159,0.5659621222617809,naik,151.12542369740828,0.6281798731874548,naik
2022-04,150.22976938722115,111.81554806,110.04548304,108.45696807,14382.05,14453.96,14310.14,2022,4,0.031800648404178844,0.6690885076087616,0.24195704285892017,0.2680638054602724,143.8199999999997,151.031983828159,0.5339916610469734,naik,151.12542369740828,0.5961896326143946,naik,151.3273887837447,0.7306270927531098,naik
2022-05,151.031983828159,112.80783546,110.67515735,109.26920595,14571.08,14643.94,14498.23,2022,5,0.533991661046973,0.8874323984599641,0.5721945986380428,1.3143467030082734,145.71000000000095,151.12542369740828,0.061867603722652736,stabil,151.3273887837447,0.19559099211846476,stabil,151.34341875848455,0.20620462132039294,stabil
2022-06,151.12542369740828,114.43291426,111.90765725,110.32843945,14681.79,14755.2,14608.38,2022,6,0.06186760372264288,1.4405726281098818,1.1136192886560092,0.759792685236782,146.82000000000153,151.3273887837447,0.13364070809211745,stabil,151.34341875848455,0.14424777495595167,stabil,151.69784694293566,0.37877362492859745,stabil
2022-07,151.3273887837447,114.49828828,112.33077002,110.68797442,14980.68,15055.58,14905.77,2022,7,0.1336407080921198,0.05712868576557284,0.37809099073067287,2.0357871894367108,149.8099999999995,151.34341875848455,0.010592910423336944,stabil,151.69784694293566,0.24480575668978954,stabil,151.4889264723886,0.10674715921699415,stabil
2022-08,151.34341875848455,115.94769586,112.75086072,111.43040074,14825.07,14899.19,14750.94,2022,8,0.010592910423334878,1.265877072725785,0.3739765158960573,-1.038737894408004,148.25,151.69784694293566,0.2341880389372658,stabil,151.4889264723886,0.09614406433904443,stabil,151.65804099001798,0.20788629866721306,stabil
2022-09,151.69784694293566,117.17640215,113.23433067,111.94503994,14973.4,15048.27,14898.54,2022,9,0.23418803893726636,1.059707380027275,0.42879490844918156,1.0005349047255807,149.72999999999956,151.4889264723886,-0.13772144744126266,stabil,151.65804099001798,-0.026240288652645615,stabil,152.6014284917983,0.5956455988479085,naik
2022-10,151.4889264723886,117.33546673,113.72922628,111.81169421,15409.56,15486.61,15332.51,2022,10,-0.13772144744126358,0.13574796382327392,0.43705438719134904,2.9128988740032336,154.10000000000036,151.65804099001798,0.1116349039942476,stabil,152.6014284917983,0.734378442910444,naik,152.75742782766156,0.8373558284500429,naik
2022-11,151.65804099001798,119.93452026,114.86075552,112.77069188,15649.07,15727.32,15570.83,2022,11,0.11163490399423992,2.215062165287729,0.994932680904892,1.5542948663037848,156.48999999999978,152.6014284917983,0.622049114983887,naik,152.75742782766156,0.7249116700089376,naik,152.83334906976,0.7749724789201132,naik
2022-12,152.6014284917983,121.63138846,115.08945855,112.71848625,15576.14,15654.02,15498.26,2022,12,0.6220491149838914,1.4148288552132016,0.19911329066626404,-0.46603408381457045,155.76000000000022,152.75742782766156,0.10222665502220728,stabil,152.83334906976,0.15197798621798694,stabil,151.5230845653054,-0.7066407812498611,turun
2023-01,152.75742782766156,122.07833051,115.36282342,113.02406573,15253.12,15329.38,15176.85,2023,1,0.1022266550221973,0.3674561769448026,0.23752381273149936,-2.0738128958779134,152.52999999999884,152.83334906976,0.049700524012553114,stabil,151.5230845653054,-0.8080414025750213,turun,152.94,0.11951770524992995,stabil
2023-02,152.83334906976,122.9929586,115.80795657,113.88285893,15137.85,15213.53,15062.16,2023,2,0.04970052401256364,0.7492141202939173,0.38585493732188336,-0.7557142407586204,151.3700000000008,151.5230845653054,-0.8573158361245781,turun,152.94,0.06978249896971984,stabil,153.14,0.20064399040291458,stabil
2023-03,151.5230845653054,116.81031034916668,112.96452852666664,111.23271577000004,15287.44,15363.88,15211.01,2023,3,-0.8573158361245725,-5.026831065134907,-2.455295929183121,0.9881852442717998,152.86999999999898,152.94,0.9351152260129187,naik,153.14,1.0671083151014595,naik,153.59,1.3640927655507047,naik
2023-04,152.94,124.65,116.21,114.53,14885.25,14959.68,14810.82,2023,4,0.9351152260129281,6.711470611968329,2.873000503487444,-2.6308525168373564,148.86000000000058,153.14,0.130770236694121,stabil,153.59,0.425003269255921,stabil,153.52,0.37923368641298055,stabil
2023-05,153.14,124.59,116.72,114.89,14818.76,14892.85,14744.66,2023,5,0.13077023669412213,-0.048134777376651616,0.43886068324585636,-0.4466837977192162,148.1900000000005,153.59,0.29384876583519465,stabil,153.52,0.24813895781639278,stabil,153.3,0.10447956118585935,stabil
2023-06,153.59,125.24,116.98,115.21,14935.61,15010.29,14860.94,2023,6,0.2938487658352029,0.5217112127779089,0.22275531185744768,0.7885275151227278,149.35000000000036,153.52,-0.045575883846600156,stabil,153.3,-0.18881437593592815,stabil,154.14,0.3580962302233107,stabil
2023-07,153.52,125.79,117.22,115.36,15044.08,15119.3,14968.86,2023,7,-0.045575883846604714,0.4391568189077155,0.20516327577362325,0.7262508863046024,150.4399999999987,153.3,-0.14330380406461624,stabil,154.14,0.40385617509117777,stabil,154.03,0.3322042730588789,stabil
2023-08,153.3,125.66,117.36,115.59,15251.62,15327.88,15175.36,2023,8,-0.14330380406462062,-0.10334684792114857,0.11943354376386939,1.3795459742304006,152.51999999999862,154.14,0.5479452054794357,naik,154.03,0.47619047619046945,stabil,153.98,0.44357469015001855,stabil
2023-09,154.14,125.42,117.35,115.74,15361.92,15438.73,15285.11,2023,9,0.5479452054794276,-0.1909915645392335,-0.008520790729382721,0.7232018631463388,153.61999999999898,154.03,-0.0713636953418874,stabil,153.98,-0.10380173867912067,stabil,153.97,-0.11028934734655996,stabil
2023-10,154.03,124.7,117.47,115.93,15734.05,15812.72,15655.38,2023,10,-0.07136369534188614,-0.574071121033326,0.10225820195994828,2.4224185518476826,157.34000000000015,153.98,-0.03246120885542515,stabil,153.97,-0.03895345062650281,stabil,154.03,0.0,stabil
2023-11,153.98,123.32,117.58,115.97,15558.59,15636.38,15480.8,2023,11,-0.03246120885542769,-1.1066559743384219,0.09364092959904813,-1.1151610678750812,155.57999999999993,153.97,-0.0064943499155675445,stabil,154.03,0.032471749577874645,stabil,154.09,0.07143784907131683,stabil
2023-12,153.97,124.6,118.11,116.47,15460.96,15538.27,15383.66,2023,12,-0.0064943499155645235,1.0379500486539017,0.4507569314509352,-0.6274990214408915,154.61000000000058,154.03,0.038968630252648094,stabil,154.09,0.07793726050529619,stabil,153.86,-0.0714424887965092,stabil
2024-01,154.03,123.53,118.36,116.73,15597.17,15675.16,15519.19,2024,1,0.038968630252655956,-0.8587479935794451,0.21166709000084438,0.8809931595450848,155.96999999999935,154.09,0.03895345062650281,stabil,153.86,-0.11036811010841231,stabil,153.71,-0.20775173667466934,stabil
2024-02,154.09,123.75,118.45,117.03,15656.26,15734.54,15577.98,2024,2,0.03895345062649991,0.17809439002671734,0.07603920243326456,0.378850778698947,156.5600000000013,153.86,-0.14926341748328234,stabil,153.71,-0.24660912453760495,stabil,155.53,0.9345187877214599,naik
2024-03,153.86,124.07,118.56,117.46,15699.34,15777.83,15620.84,2024,3,-0.14926341748328076,0.25858585858584693,0.09286618826509496,0.27516150089483826,156.98999999999978,153.71,-0.09749122578968261,stabil,155.53,1.0854023137917506,naik,156.02,1.4038736513713743,naik
2024-04,153.71,124.61,117.53,115.91,16078.07,16158.46,15997.68,2024,4,-0.09749122578968095,0.4352381719996856,-0.8687584345479116,2.4123944063890512,160.77999999999884,155.53,1.1840478823758982,naik,156.02,1.5028300045540317,naik,155.78,1.346691822262698,naik
2024-05,155.53,125.19,118.78,117.74,16076.96,16157.34,15996.57,2024,5,1.1840478823758938,0.4654522108979986,1.063558240449236,-0.006903813704006723,160.77000000000044,156.02,0.3150517585031885,stabil,155.78,0.1607406931138687,stabil,156.08,0.35362952485051846,stabil
2024-06,156.02,125.36,119.5,118.6,16346.97,16428.7,16265.23,2024,6,0.3150517585031931,0.13579359373752098,0.6061626536453923,1.6794841810889638,163.47000000000116,155.78,-0.15382643250865857,stabil,156.08,0.03845660812716464,stabil,156.09,0.04486604281501934,stabil
2024-07,155.78,126.06,120.0,119.41,16253.82,16335.09,16172.55,2024,7,-0.15382643250866357,0.5583918315252179,0.4184100418409997,-0.5698303722341147,162.54000000000087,156.08,0.19257927846964398,stabil,156.09,0.19899858775195936,stabil,156.16,0.2439337527282035,stabil
2024-08,156.08,126.38,120.21,119.64,15770.6,15849.45,15691.74,2024,8,0.19257927846965117,0.25384737426621395,0.17499999999999183,-2.9729626635461637,157.71000000000095,156.09,0.006406970784207397,stabil,156.16,0.05125576627369559,stabil,156.25,0.10891850333161679,stabil
2024-09,156.09,127.54,120.17,119.6,15338.35,15415.04,15261.66,2024,9,0.006406970784200716,0.9178667510682192,-0.03327510190499483,-2.7408595741442943,153.38000000000102,156.16,0.04484592222435337,stabil,156.25,0.10250496508424409,stabil,156.11,0.012813120635537337,stabil
2024-10,156.16,126.64,120.25,119.63,15574.2,15652.08,15496.33,2024,10,0.044845922224356904,-0.7056609691077353,0.06657235582923082,1.5376490952416777,155.75,156.25,0.057633196721313666,stabil,156.11,-0.0320184426229399,stabil,156.16,0.0,stabil
2024-11,156.25,126.52,120.44,119.39,15815.47,15894.55,15736.39,2024,11,0.05763319672131839,-0.09475679090334976,0.15800415800415468,1.5491646440908502,158.15999999999985,156.11,-0.08959999999999127,stabil,156.16,-0.05760000000000218,stabil,156.3,0.03200000000000728,stabil
2024-12,156.11,125.31,120.59,119.24,15948.04,16027.78,15868.3,2024,12,-0.08959999999998969,-0.956370534302875,0.1245433410826946,0.8382299103346424,159.48000000000138,156.16,0.032028697713140056,stabil,156.3,0.12170905130997227,stabil,156.9,0.5060534238677804,naik
2025-01,156.16,125.7,120.74,119.03,16232.06,16313.22,16150.9,2025,1,0.03202869771314898,0.31122815417763405,0.12438842358404312,1.780908500354883,162.3199999999997,156.3,0.08965163934427176,stabil,156.9,0.47387295081967795,stabil,153.71,-1.5689036885245828,turun
2025-02,156.3,126.25,120.72,119.01,16313.07,16394.64,16231.51,2025,2,0.08965163934426812,0.43754972155927163,-0.016564518800721295,0.4990740546794381,163.1299999999992,156.9,0.38387715930901745,stabil,153.71,-1.6570697376839434,turun,154.71,-1.017274472168908,turun
