periode,ihpb,kurs_tengah,kurs_jual,kurs_beli,ihpb_impor,kurs_perubahan_pct,ihpb_perubahan_pct,bulan,target_ihpb_h1,target_ihpb_h2,target_ihpb_h3
2003-01,,,,,186.0,,,1,,,
2003-02,,,,,188.0,,,2,,,
2003-03,,,,,188.0,,,3,,,
2003-04,,,,,189.0,,,4,,,
2003-05,,,,,190.0,,,5,,,
2003-06,,,,,191.0,,,6,,,
2003-07,,,,,191.0,,,7,,,
2003-08,,,,,191.0,,,8,,,
2003-09,,,,,192.0,,,9,,,
2003-10,,,,,193.0,,,10,,,
2003-11,,,,,195.0,,,11,,,
2003-12,,,,,196.0,,,12,,,
2004-01,,,,,199.0,,,1,,,
2004-02,,,,,201.0,,,2,,,
2004-03,,,,,202.0,,,3,,,
2004-04,,,,,202.0,,,4,,,
2004-05,,,,,204.0,,,5,,,
2004-06,,,,,205.0,,,6,,,
2004-07,,,,,206.0,,,7,,,
2004-08,,,,,207.0,,,8,,,
2004-09,,,,,209.0,,,9,,,
2004-10,,,,,209.0,,,10,,,
2004-11,,,,,214.0,,,11,,,
2004-12,,,,,216.0,,,12,,,
2005-01,,,,,218.0,,,1,,,
2005-02,,,,,218.0,,,2,,,
2005-03,,,,,222.0,,,3,,,
2005-04,,,,,222.0,,,4,,,
2005-05,,,,,224.0,,,5,,,
2005-06,,,,,226.0,,,6,,,
2005-07,,,,,227.0,,,7,,,
2005-08,,,,,227.0,,,8,,,
2005-09,,,,,227.0,,,9,,,
2005-10,,,,,227.0,,,10,,,
2005-11,,,,,228.0,,,11,,,
2005-12,,,,,230.0,,,12,,,
2006-01,,,,,236.0,,,1,,,
2006-02,,,,,241.0,,,2,,,
2006-03,,,,,245.0,,,3,,,
2006-04,,,,,246.0,,,4,,,
2006-05,,,,,247.0,,,5,,,
2006-06,,,,,250.0,,,6,,,
2006-07,,,,,253.0,,,7,,,
2006-08,,,,,256.0,,,8,,,
2006-09,,,,,256.0,,,9,,,
2006-10,,,,,258.0,,,10,,,
2006-11,,,,,260.0,,,11,,,
2006-12,,,,,265.0,,,12,,,
2007-01,,,,,273.0,,,1,,,
2007-02,,,,,278.0,,,2,,,
2007-03,,,,,282.0,,,3,,,
2007-04,,,,,285.0,,,4,,,
2007-05,,,,,288.0,,,5,,,
2007-06,,,,,291.0,,,6,,,
2007-07,,,,,298.0,,,7,,,
2007-08,,,,,305.0,,,8,,,
2007-09,,,,,309.0,,,9,,,
2007-10,,,,,316.0,,,10,,,
2007-11,,,,,321.0,,,11,,,
2007-12,,,,,327.0,,,12,,,
2008-01,,,,,332.0,,,1,,,
2008-02,,,,,342.0,,,2,,,
2008-03,,,,,344.0,,,3,,,
2008-04,,,,,351.0,,,4,,,
2008-05,,,,,357.0,,,5,,,
2008-06,,,,,358.0,,,6,,,
2008-07,,,,,361.0,,,7,,,
2008-08,,,,,360.0,,,8,,,
2008-09,,,,,359.0,,,9,,,
2008-10,,,,,360.0,,,10,,,
2008-11,,,,,363.0,,,11,,,
2008-12,,,,,371.0,,,12,,,
2009-01,,,,,382.0,,,1,,,
2009-02,,,,,388.0,,,2,,,
2009-03,,,,,388.0,,,3,,,
2009-04,,,,,394.0,,,4,,,
2009-05,,,,,396.0,,,5,,,
2009-06,,,,,403.0,,,6,,,
2009-07,,,,,403.0,,,7,,,
2009-08,,,,,406.0,,,8,,,
2009-09,,,,,403.0,,,9,,,
2009-10,,,,,404.0,,,10,,,167.35
2009-11,,,,,407.0,,,11,,167.35,167.41
2009-12,,,,,413.0,,,12,167.35,167.41,167.78
2010-01,167.35,9254.9,9301.18,9208.63,159.55,,,1,167.41,167.78,169.0
2010-02,167.41,9353.15,9399.92,9306.38,157.9,1.061599801186408,0.035853002688979174,2,167.78,169.0,170.0
2010-03,167.78,9144.62,9190.34,9098.89,158.39,-2.229516259228159,0.2210142763275913,3,169.0,170.0,170.0
2010-04,169.0,9029.45,9074.6,8984.31,161.0,-1.2594290413379672,0.7271426868518338,4,170.0,170.0,170.0
2010-05,170.0,9194.45,9240.42,9148.48,161.0,1.8273538255375366,0.591715976331364,5,170.0,170.0,171.0
2010-06,170.0,9147.52,9193.26,9101.79,159.0,-0.5104166100201812,0.0,6,170.0,171.0,172.0
2010-07,170.0,9019.35,9064.44,8974.25,159.0,-1.4011447911565056,0.0,7,171.0,172.0,0.0
2010-08,171.0,8919.82,8964.41,8875.22,159.0,-1.103516328782017,0.588235294117645,8,172.0,0.0,173.0
2010-09,172.0,8972.6,9017.46,8927.73,160.0,0.591715976331364,0.5847953216374213,9,0.0,173.0,174.0
2010-10,0.0,8910.13,8954.68,8865.58,0.0,-0.6962307469406959,-100.0,10,173.0,174.0,176.0
2010-11,173.0,8523.57,8566.19,8480.95,163.0,-4.33843277258581,inf,11,174.0,176.0,170.63
2010-12,174.0,9000.71,9045.72,8955.71,164.0,5.597889147387769,0.5780346820809301,12,176.0,170.63,178.45
2011-01,176.0,8989.61,9034.56,8944.66,168.0,-0.12332360447118162,1.1494252873563315,1,170.63,178.45,180.12
2011-02,170.63,8865.7,8910.03,8821.37,160.82,-1.3783690282448302,-3.051136363636364,2,178.45,180.12,181.1
2011-03,178.45,8739.63,8783.33,8695.93,170.63,-1.4219971350260208,4.583015882318464,3,180.12,181.1,182.12
2011-04,180.12,8637.03,8680.22,8593.84,173.55,-1.1739627421297971,0.9358363687307358,4,181.1,182.12,182.29
2011-05,181.1,8541.75,8584.46,8499.04,176.58,-1.1031569879924041,0.5440817232955641,5,182.12,182.29,182.27
2011-06,182.12,8551.23,8593.98,8508.47,178.44,0.11098428308016217,0.5632247377139743,6,182.29,182.27,183.53
2011-07,182.29,8523.48,8566.09,8480.86,177.23,-0.324514718935176,0.09334504722160464,7,182.27,183.53,184.45
2011-08,182.27,8478.38,8520.77,8435.99,175.51,-0.5291266008719431,-0.010971528882541826,8,183.53,184.45,185.57
2011-09,183.53,8695.26,8738.73,8651.78,176.85,2.558035851188567,0.6912821638229039,9,184.45,185.57,185.88
2011-10,184.45,8826.44,8870.58,8782.31,176.41,1.5086380395755938,0.5012804446139496,10,185.57,185.88,186.68
2011-11,185.57,8975.9,9020.78,8931.02,179.19,1.6933214297043753,0.6072106261859611,11,185.88,186.68,187.31
2011-12,185.88,9043.01,9088.22,8997.79,180.05,0.7476687574505148,0.16705286414830933,12,186.68,187.31,183.31
2012-01,186.68,9050.61,9095.87,9005.36,182.04,0.08404281317835327,0.43038519474931647,1,187.31,183.31,188.69
2012-02,187.31,8594.4,8637.38,8551.43,181.99,-5.040654718300763,0.33747589457895355,2,183.31,188.69,190.44
2012-03,183.31,9125.11,9170.74,9079.49,177.37,6.175067485804719,-2.1354973039346525,3,188.69,190.44,192.27
2012-04,188.69,9143.09,9188.8,9097.37,182.99,0.19703872062910577,2.9349189896895833,4,190.44,192.27,192.71
2012-05,190.44,9210.11,9256.16,9164.06,185.94,0.7330125810858235,0.9274471355132707,5,192.27,192.71,192.07
2012-06,192.27,9381.33,9428.23,9334.42,190.37,1.8590440287900911,0.9609325771896771,6,192.71,192.07,190.71
2012-07,192.71,9407.53,9454.56,9360.49,188.59,0.2792780980948484,0.22884485359129236,7,192.07,190.71,191.44
2012-08,192.07,9461.41,9508.72,9414.11,186.22,0.5727326939164668,-0.33210523584661367,8,190.71,191.44,194.65
2012-09,190.71,9524.59,9572.22,9476.97,182.27,0.6677651639660498,-0.7080751809236174,9,191.44,194.65,195.19
2012-10,191.44,9561.41,9609.22,9513.61,183.6,0.3865783199066719,0.3827801373813555,10,194.65,195.19,195.03
2012-11,194.65,9579.44,9627.34,9531.54,193.57,0.1885705141814853,1.6767655662348613,11,195.19,195.03,194.4
2012-12,195.19,9607.82,9655.86,9559.78,194.42,0.2962594890724146,0.27742101207295367,12,195.03,194.4,194.66
2013-01,195.03,9630.4,9678.55,9582.24,194.47,0.23501689248965896,-0.08197141246989448,1,194.4,194.66,192.69
2013-02,194.4,9649.66,9697.9,9601.41,193.32,0.19999169297226782,-0.32302722658051897,2,194.66,192.69,197.08
2013-03,194.66,9668.43,9716.77,9620.08,194.28,0.19451462538577768,0.1337448559670662,3,192.69,197.08,198.88
2013-04,192.69,9687.31,9735.75,9638.88,189.17,0.19527472402447454,-1.0120209596219065,4,197.08,198.88,198.79
2013-05,197.08,9721.11,9769.71,9672.5,195.6,0.3489100689458846,2.2782707976542804,5,198.88,198.79,197.48
2013-06,198.88,9799.57,9848.57,9750.57,198.09,0.8071094761812114,0.9133346864217406,6,198.79,197.48,197.37
2013-07,198.79,9986.55,10036.48,9936.62,196.37,1.9080429039233238,-0.04525341914722869,7,197.48,197.37,198.7
2013-08,197.48,10500.09,10552.59,10447.59,192.72,5.1423164155789625,-0.6589868705669355,8,197.37,198.7,202.47
2013-09,197.37,11263.76,11320.08,11207.44,191.6,7.272985279173794,-0.05570184322462035,9,198.7,202.47,206.65
2013-10,198.7,11210.57,11266.62,11154.51,193.63,-0.4722224195117808,0.673861275776444,10,202.47,206.65,210.09
2013-11,202.47,11162.8,11218.61,11106.99,197.59,-0.42611571044113283,1.8973326623049847,11,206.65,210.09,212.0
2013-12,206.65,11590.97,11648.93,11533.02,205.07,3.8356863869280167,2.0645033832172643,12,210.09,212.0,126.87
2014-01,210.09,12035.48,12095.66,11975.3,209.91,3.834968082912815,1.6646503750302521,1,212.0,126.87,128.76
2014-02,212.0,11834.6,11893.77,11775.43,212.0,-1.6690651307633697,0.9091341805892661,2,126.87,128.76,189.6
2014-03,126.87,11425.95,11483.08,11368.82,131.34,-3.4530106636472713,-40.155660377358494,3,128.76,189.6,130.44
2014-04,128.76,11421.09,11478.2,11363.99,134.43,-0.04253475640975113,1.4897138803499521,4,189.6,130.44,130.43
2014-05,189.6,11507.05,11564.58,11449.51,188.2,0.7526426987266355,47.250698974836915,5,130.44,130.43,130.52
2014-06,130.44,11879.19,11938.59,11819.79,135.58,3.2340174067202465,-31.20253164556962,6,130.43,130.52,130.96
2014-07,130.43,11666.13,11724.46,11607.8,135.57,-1.7935566313864948,-0.00766636001225951,7,130.52,130.96,131.7
2014-08,130.52,11709.62,11768.17,11651.07,135.15,0.37278857684597266,0.06900253009276547,8,130.96,131.7,132.81
2014-09,130.96,11874.0,11933.37,11814.63,134.65,1.4038030269128976,0.3371130861170579,9,131.7,132.81,133.48
2014-10,131.7,12133.17,12193.84,12072.51,138.96,2.18266801414857,0.5650580329871646,10,132.81,133.48,133.19
2014-11,132.81,12146.9,12207.63,12086.17,140.39,0.11316086397865632,0.842824601366754,11,133.48,133.19,133.48
2014-12,133.48,12422.74,12484.85,12360.63,140.06,2.270867464126658,0.5044800843309938,12,133.19,133.48,133.44
2015-01,133.19,12527.77,12590.41,12465.13,139.31,0.845465654114963,-0.21726101288581656,1,133.48,133.44,133.67
2015-02,133.48,12735.15,12798.83,12671.47,139.1,1.655362446788211,0.21773406411891294,2,133.44,133.67,135.16
2015-03,133.44,13034.05,13099.22,12968.88,139.3,2.3470473453394813,-0.02996703626010344,3,133.67,135.16,132.44
2015-04,133.67,12938.14,13002.83,12873.45,136.28,-0.7358418910469067,0.1723621103117523,4,135.16,132.44,133.9
2015-05,135.16,13082.76,13148.18,13017.35,134.09,1.1177804537592095,1.1146854193162303,5,132.44,133.9,133.69
2015-06,132.44,13282.5,13348.91,13216.09,137.37,1.5267420636012607,-2.0124297129328172,6,133.9,133.69,134.69
2015-07,133.9,13351.61,13418.37,13284.85,132.15,0.5203086768304166,1.102385986106924,7,133.69,134.69,135.34
2015-08,133.69,13690.0,13758.45,13621.55,132.14,2.5344509014268546,-0.15683345780433955,8,134.69,135.34,137.74
2015-09,134.69,14343.95,14415.67,14272.23,133.0,4.776844411979542,0.7479991024010868,9,135.34,137.74,138.54
2015-10,135.34,13761.0,13829.8,13692.2,133.56,-4.064082766601951,0.4825896503081184,10,137.74,138.54,139.01
2015-11,137.74,13612.1,13680.16,13544.03,134.75,-1.0820434561441772,1.7733116595241682,11,138.54,139.01,140.88
2015-12,138.54,13813.52,13882.59,13744.45,134.97,1.4797129024911593,0.5808044141135449,12,139.01,140.88,140.52
2016-01,139.01,13840.71,13909.92,13771.51,135.0,0.19683614314092157,0.33925220153023794,1,140.88,140.52,140.05
2016-02,140.88,13499.95,13567.45,13432.45,135.1,-2.462012425663118,1.3452269620890522,2,140.52,140.05,141.39
2016-03,140.52,13122.96,13188.57,13057.34,135.4,-2.7925288612180132,-0.25553662691651935,3,140.05,141.39,143.34
2016-04,140.05,13147.95,13213.69,13082.21,135.29,0.1904295982004145,-0.33447196128665313,4,141.39,143.34,138.26
2016-05,141.39,13395.45,13462.43,13328.48,135.39,1.8824227351031952,0.9568011424491152,5,143.34,138.26,142.7
2016-06,143.34,13334.27,13400.94,13267.6,133.52,-0.4567222452399933,1.3791640144281914,6,138.26,142.7,141.71
2016-07,138.26,13101.62,13167.13,13036.11,134.19,-1.744752431141705,-3.544021208315906,7,142.7,141.71,144.78
2016-08,142.7,13145.39,13211.12,13079.66,128.36,0.3340808235927861,3.2113409518298885,8,141.71,144.78,146.07
2016-09,141.71,13114.05,13179.62,13048.48,125.17,-0.23841057587489223,-0.693763139453385,9,144.78,146.07,148.17
2016-10,144.78,13015.24,13080.31,12950.16,125.01,-0.7534667017435437,2.166396161174222,10,146.07,148.17,149.79
2016-11,146.07,13317.05,13383.63,13250.46,127.23,2.3188969239138046,0.8910070451719765,11,148.17,149.79,151.11
2016-12,148.17,13414.55,13481.62,13347.47,127.65,0.7321441310200072,1.4376668720476493,12,149.79,151.11,151.64
2017-01,149.79,13352.23,13418.99,13285.47,128.62,-0.4645701868493557,1.0933387325369637,1,151.11,151.64,152.64
2017-02,151.11,13330.6,13397.25,13263.95,128.23,-0.16199541200233591,0.8812337272181114,2,151.64,152.64,153.01
2017-03,151.64,13332.39,13399.05,13265.73,128.13,0.013427752689287864,0.35073787307258186,3,152.64,153.01,153.51
2017-04,152.64,13290.65,13357.1,13224.2,128.73,-0.3130721498545985,0.6594566077552155,4,153.01,153.51,154.81
2017-05,153.01,13317.13,13383.72,13250.54,129.34,0.19923781003938767,0.24240041928722533,5,153.51,154.81,149.16
2017-06,153.51,13294.77,13361.25,13228.3,130.11,-0.167904045391154,0.3267760277106069,6,154.81,149.16,155.95
2017-07,154.81,13332.8,13399.46,13266.14,130.66,0.2860523348655164,0.8468503680542083,7,149.16,155.95,156.17
2017-08,149.16,13332.17,13398.83,13265.51,128.1,-0.004725189007559472,-3.649635036496357,8,155.95,156.17,156.83
2017-09,155.95,13300.67,13367.17,13234.16,131.09,-0.23627061461112264,4.552158755698565,9,156.17,156.83,155.42
2017-10,156.17,13517.91,13585.5,13450.32,131.88,1.633301179564639,0.14107085604360137,10,156.83,155.42,154.99
2017-11,156.83,13515.52,13583.1,13447.95,133.36,-0.01768024790813616,0.4226163795863602,11,155.42,154.99,154.84
2017-12,155.42,13548.0,13615.74,13480.26,133.41,0.24031631783312246,-0.8990626793343282,12,154.99,154.84,154.49
2018-01,154.99,13384.74,13451.66,13317.82,133.76,-1.2050487156775924,-0.2766696692832138,1,154.84,154.49,154.84
2018-02,154.84,13579.65,13647.55,13511.75,133.9,1.4562105801083858,-0.09678043744758558,2,154.49,154.84,155.83
2018-03,154.49,13749.05,13817.79,13680.3,133.89,1.2474548313100797,-0.22603978300180794,3,154.84,155.83,156.86
2018-04,154.84,13799.36,13868.36,13730.37,134.34,0.3659161905731789,0.22655188038060992,4,155.83,156.86,157.85
2018-05,155.83,14071.2,14141.56,14000.85,136.65,1.9699464322983085,0.6393696719193986,5,156.86,157.85,159.04
2018-06,156.86,13988.73,14058.68,13918.79,138.26,-0.5860907385297764,0.6609767053840754,6,157.85,159.04,156.09
2018-07,157.85,14407.46,14479.5,14335.42,139.01,2.993338208686569,0.6311360448807646,7,159.04,156.09,160.94
2018-08,159.04,14551.13,14623.88,14478.37,140.45,0.9971917326162982,0.7538802660753907,8,156.09,160.94,161.52
2018-09,156.09,14864.54,14938.86,14790.22,135.0,2.1538533433486107,-1.85487927565392,9,160.94,161.52,162.35
2018-10,160.94,15215.07,15291.14,15138.99,142.35,2.358162445659251,3.107181754116217,10,161.52,162.35,163.03
2018-11,161.52,14706.37,14779.9,14632.84,143.18,-3.343395725422227,0.36038275133591924,11,162.35,163.03,164.16
2018-12,162.35,14525.52,14598.15,14452.89,143.78,-1.2297392218474035,0.513868251609706,12,163.03,164.16,165.05
2019-01,163.03,14182.65,14253.57,14111.74,143.98,-2.3604662690216993,0.41884816753927634,1,164.16,165.05,166.01
2019-02,164.16,14027.04,14097.17,13956.9,145.11,-1.0971856458419138,0.6931239649144327,2,165.05,166.01,166.28
2019-03,165.05,14213.8,14284.87,14142.73,147.32,1.3314284410681054,0.5421539961013799,3,166.01,166.28,167.2
2019-04,166.01,14145.93,14216.66,14075.2,148.64,-0.4774937033024118,0.5816419266888806,4,166.28,167.2,167.95
2019-05,166.28,14387.61,14459.55,14315.68,149.3,1.7084772793305225,0.16264080477079723,5,167.2,167.95,166.26
2019-06,167.2,14248.32,14319.57,14177.08,150.36,-0.9681246572571856,0.5532836179937384,6,167.95,166.26,164.48
2019-07,167.95,14073.09,14143.46,14002.73,151.51,-1.2298292009163103,0.44856459330142595,7,166.26,164.48,164.6
2019-08,166.26,14256.91,14328.2,14185.63,153.1,1.306180803220891,-1.0062518606728132,8,164.48,164.6,164.47
2019-09,164.48,14131.8,14202.45,14061.14,149.59,-0.8775393826572553,-1.0706122939973528,9,164.6,164.47,164.85
2019-10,164.6,14135.52,14206.19,14064.84,147.35,0.02632361058039212,0.07295719844357951,10,164.47,164.85,147.61569719965436
2019-11,164.47,14019.37,14089.47,13949.27,148.45,-0.8216889085084889,-0.07897934386390526,11,164.85,147.61569719965436,147.67901893170125
2019-12,164.85,13989.82,14059.77,13919.87,149.56,-0.21077979966290794,0.23104517541192582,12,147.61569719965436,147.67901893170125,148.643592004027
2020-01,147.61569719965436,13679.38,13747.78,13610.99,103.43244694,-2.219042132064608,-10.454536123958524,1,147.67901893170125,148.643592004027,150.94791101104218
2020-02,147.67901893170125,13758.87,13827.66,13690.07,103.59388839,0.5810935875748768,0.042896340462528215,2,148.643592004027,150.94791101104218,149.4776267324959
2020-03,148.643592004027,15119.27,15194.86,15043.67,103.81275981,9.887439884234684,0.653155119327975,3,150.94791101104218,149.4776267324959,148.25831014056493
2020-04,150.94791101104218,15782.95,15861.87,15704.04,104.08440333,4.3896299226086954,1.5502309759527044,4,149.4776267324959,148.25831014056493,148.38264511299369
2020-05,149.4776267324959,14885.24,14959.67,14810.82,104.199312,-5.687846695326293,-0.9740342007374392,5,148.25831014056493,148.38264511299369,148.7874250083088
2020-06,148.25831014056493,14184.58,14255.5,14113.65,104.353673,-4.707078958753774,-0.8157184580626642,6,148.38264511299369,148.7874250083088,148.85635972815322
2020-07,148.38264511299369,14516.47,14589.05,14443.89,104.33190624,2.33979434005096,0.0838637458574043,7,148.7874250083088,148.85635972815322,148.68457652376662
2020-08,148.7874250083088,14641.91,14715.12,14568.7,104.50889196,0.8641219249583498,0.27279463511844515,8,148.85635972815322,148.68457652376662,147.89865670650005
2020-09,148.85635972815322,14803.13,14877.15,14729.12,104.56590828695226,1.1010858556021574,0.04633101207349721,9,148.68457652376662,147.89865670650005,147.7003057723228
2020-10,148.68457652376662,14717.47,14791.05,14643.88,104.71154078384968,-0.5786614047164296,-0.11540199202796364,10,147.89865670650005,147.7003057723228,148.57767707262755
2020-11,147.89865670650005,14187.22,14258.15,14116.28,104.91617053,-3.6028610895758595,-0.5285819387870094,11,147.7003057723228,148.57767707262755,147.70870342319353
2020-12,147.7003057723228,14101.69,14172.2,14031.18,105.13102211,-0.602866523533141,-0.13411273543266766,12,148.57767707262755,147.70870342319353,147.90112357947493
2021-01,148.57767707262755,14015.52,14085.6,13945.44,104.30349361506684,-0.6110615110671125,0.5940213161489405,1,147.70870342319353,147.90112357947493,148.78488041453764
2021-02,147.70870342319353,13999.61,14069.61,13929.61,105.61011614,-0.11351701542290371,-0.5848615125469081,2,147.90112357947493,148.78488041453764,149.23046830673923
2021-03,147.90112357947493,14379.49,14451.39,14307.6,105.88719968,2.7135041619016365,0.13027001918100023,3,148.78488041453764,149.23046830673923,149.2788181145566
2021-04,148.78488041453764,14561.08,14633.88,14488.27,106.08142981,1.2628403371746755,0.5975321983188397,4,149.23046830673923,149.2788181145566,149.18446793747478
2021-05,149.23046830673923,14333.95,14405.62,14262.28,106.42515019,-1.5598430885621073,0.2994846593014744,5,149.2788181145566,149.18446793747478,149.70249385763847
2021-06,149.2788181145566,14364.23,14436.05,14292.41,106.74567017,0.21124672543157974,0.032399421087392355,6,149.18446793747478,149.70249385763847,149.23091795461715
2021-07,149.18446793747478,14543.39,14616.1,14470.67,106.98374181,1.2472649073427489,-0.06320399523086495,7,149.70249385763847,149.23091795461715,149.252561899276
2021-08,149.70249385763847,14406.07,14478.1,14334.04,107.1148337,-0.9442090186675856,0.347238507684855,8,149.23091795461715,149.252561899276,149.3540850459472
2021-09,149.23091795461715,14270.02,14341.37,14198.67,107.35078983,-0.944393578540148,-0.31500871553267196,9,149.252561899276,149.3540850459472,149.64335765629264
2021-10,149.252561899276,14194.09,14265.06,14123.12,107.56582909,-0.5320945590826076,0.014503659801534674,10,149.3540850459472,149.64335765629264,149.96861753285188
2021-11,149.3540850459472,14285.52,14356.95,14214.1,107.92907975,0.6441413292433751,0.06802104123324604,11,149.64335765629264,149.96861753285188,149.10337464354996
2021-12,149.64335765629264,14323.86,14395.48,14252.24,108.40400719,0.2683836500176451,0.1936824227181111,12,149.96861753285188,149.10337464354996,150.1820105340849
2022-01,149.96861753285188,14339.84,14411.54,14268.14,108.96784152,0.11156210686225077,0.21735670841223076,1,149.10337464354996,150.1820105340849,150.22976938722115
2022-02,149.10337464354996,14352.96,14424.72,14281.19,107.08880740666665,0.0914933499955195,-0.5769493001510084,2,150.1820105340849,150.22976938722115,151.031983828159
2022-03,150.1820105340849,14343.6,14415.32,14271.89,109.77986293,-0.06521302922880556,0.7234148074203972,3,150.22976938722115,151.031983828159,151.12542369740828
2022-04,150.22976938722115,14382.05,14453.96,14310.14,110.04548304,0.2680638054602724,0.031800648404178844,4,151.031983828159,151.12542369740828,151.3273887837447
2022-05,151.031983828159,14571.08,14643.94,14498.23,110.67515735,1.3143467030082734,0.533991661046973,5,151.12542369740828,151.3273887837447,151.34341875848455
2022-06,151.12542369740828,14681.79,14755.2,14608.38,111.90765725,0.759792685236782,0.06186760372264288,6,151.3273887837447,151.34341875848455,151.69784694293566
2022-07,151.3273887837447,14980.68,15055.58,14905.77,112.33077002,2.0357871894367108,0.1336407080921198,7,151.34341875848455,151.69784694293566,151.4889264723886
2022-08,151.34341875848455,14825.07,14899.19,14750.94,112.75086072,-1.038737894408004,0.010592910423334878,8,151.69784694293566,151.4889264723886,151.65804099001798
2022-09,151.69784694293566,14973.4,15048.27,14898.54,113.23433067,1.0005349047255807,0.23418803893726636,9,151.4889264723886,151.65804099001798,152.6014284917983
2022-10,151.4889264723886,15409.56,15486.61,15332.51,113.72922628,2.9128988740032336,-0.13772144744126358,10,151.65804099001798,152.6014284917983,152.75742782766156
2022-11,151.65804099001798,15649.07,15727.32,15570.83,114.86075552,1.5542948663037848,0.11163490399423992,11,152.6014284917983,152.75742782766156,152.83334906976
2022-12,152.6014284917983,15576.14,15654.02,15498.26,115.08945855,-0.46603408381457045,0.6220491149838914,12,152.75742782766156,152.83334906976,151.5230845653054
2023-01,152.75742782766156,15253.12,15329.38,15176.85,115.36282342,-2.0738128958779134,0.1022266550221973,1,152.83334906976,151.5230845653054,152.94
2023-02,152.83334906976,15137.85,15213.53,15062.16,115.80795657,-0.7557142407586204,0.04970052401256364,2,151.5230845653054,152.94,153.14
2023-03,151.5230845653054,15287.44,15363.88,15211.01,112.96452852666664,0.9881852442717998,-0.8573158361245725,3,152.94,153.14,153.59
2023-04,152.94,14885.25,14959.68,14810.82,116.21,-2.6308525168373564,0.9351152260129281,4,153.14,153.59,153.52
2023-05,153.14,14818.76,14892.85,14744.66,116.72,-0.4466837977192162,0.13077023669412213,5,153.59,153.52,153.3
2023-06,153.59,14935.61,15010.29,14860.94,116.98,0.7885275151227278,0.2938487658352029,6,153.52,153.3,154.14
2023-07,153.52,15044.08,15119.3,14968.86,117.22,0.7262508863046024,-0.045575883846604714,7,153.3,154.14,154.03
2023-08,153.3,15251.62,15327.88,15175.36,117.36,1.3795459742304006,-0.14330380406462062,8,154.14,154.03,153.98
2023-09,154.14,15361.92,15438.73,15285.11,117.35,0.7232018631463388,0.5479452054794276,9,154.03,153.98,153.97
2023-10,154.03,15734.05,15812.72,15655.38,117.47,2.4224185518476826,-0.07136369534188614,10,153.98,153.97,154.03
2023-11,153.98,15558.59,15636.38,15480.8,117.58,-1.1151610678750812,-0.03246120885542769,11,153.97,154.03,154.09
2023-12,153.97,15460.96,15538.27,15383.66,118.11,-0.6274990214408915,-0.0064943499155645235,12,154.03,154.09,153.86
2024-01,154.03,15597.17,15675.16,15519.19,118.36,0.8809931595450848,0.038968630252655956,1,154.09,153.86,153.71
2024-02,154.09,15656.26,15734.54,15577.98,118.45,0.378850778698947,0.03895345062649991,2,153.86,153.71,155.53
2024-03,153.86,15699.34,15777.83,15620.84,118.56,0.27516150089483826,-0.14926341748328076,3,153.71,155.53,156.02
2024-04,153.71,16078.07,16158.46,15997.68,117.53,2.4123944063890512,-0.09749122578968095,4,155.53,156.02,155.78
2024-05,155.53,16076.96,16157.34,15996.57,118.78,-0.006903813704006723,1.1840478823758938,5,156.02,155.78,156.08
2024-06,156.02,16346.97,16428.7,16265.23,119.5,1.6794841810889638,0.3150517585031931,6,155.78,156.08,156.09
2024-07,155.78,16253.82,16335.09,16172.55,120.0,-0.5698303722341147,-0.15382643250866357,7,156.08,156.09,156.16
2024-08,156.08,15770.6,15849.45,15691.74,120.21,-2.9729626635461637,0.19257927846965117,8,156.09,156.16,156.25
2024-09,156.09,15338.35,15415.04,15261.66,120.17,-2.7408595741442943,0.006406970784200716,9,156.16,156.25,156.11
2024-10,156.16,15574.2,15652.08,15496.33,120.25,1.5376490952416777,0.044845922224356904,10,156.25,156.11,156.16
2024-11,156.25,15815.47,15894.55,15736.39,120.44,1.5491646440908502,0.05763319672131839,11,156.11,156.16,156.3
2024-12,156.11,15948.04,16027.78,15868.3,120.59,0.8382299103346424,-0.08959999999998969,12,156.16,156.3,156.9
2025-01,156.16,16232.06,16313.22,16150.9,120.74,1.780908500354883,0.03202869771314898,1,156.3,156.9,153.71
2025-02,156.3,16313.07,16394.64,16231.51,120.72,0.4990740546794381,0.08965163934426812,2,156.9,153.71,154.71
2025-03,156.9,16428.74,16510.89,16346.6,120.87,0.7090633461390272,0.38387715930900956,3,153.71,154.71,
2025-04,153.71,16797.53,16881.52,16713.54,121.07,2.244785662199278,-2.033142128744425,4,154.71,,
2025-05,154.71,16442.39,16524.6,16360.17,121.07,-2.114239414961605,0.6505757595471895,5,,,
2025-06,,16211.37,16292.43,16130.31,,-1.4050268847776937,0.0,6,,,8.0
2025-07,,16280.6,16362.0,16199.19,,0.4270459560172801,0.0,7,,8.0,
2025-08,,16292.61,16374.07,16211.15,,0.073768780020389,0.0,8,8.0,,
2025-09,8.0,16505.56,16588.09,16423.04,4.0,1.307034293461884,-94.82903496865103,9,,,
2025-10,,16547.81,16630.55,16465.07,,0.2559743504612966,0.0,10,,,
2025-11,,16676.34,16759.72,16592.96,,0.7767190945508817,0.0,11,,,
2025-12,,16673.64,16757.01,16590.27,,-0.01619060297404218,0.0,12,,,
2026-01,,16800.11,16884.11,16716.11,,0.7585026424943964,0.0,1,,,
2026-02,,16810.73,16894.78,16726.68,,0.06321387181393856,0.0,2,,,
2026-03,,16902.35,16986.86,16817.84,,0.5450090507669758,0.0,3,,,
2026-04,,17110.62,17196.17,17025.07,,1.2321955231077375,0.0,4,,,
2026-05,,17547.14,17634.88,17459.41,,2.551164130814665,0.0,5,,,
2026-06,,17897.97,17987.46,17808.48,,1.9993571601981897,0.0,6,,,
2026-07,,18000.48,18090.49,17910.48,,0.5727465181805336,0.0,7,,,
