periode,sektor,ihpb,tahun_dasar
2003-01,Ekspor,162.0,2018
2003-02,Ekspor,162.0,2018
2003-03,Ekspor,163.0,2018
2003-04,Ekspor,164.0,2018
2003-05,Ekspor,165.0,2018
2003-06,Ekspor,166.0,2018
2003-07,Ekspor,168.0,2018
2003-08,Ekspor,171.0,2018
2003-09,Ekspor,173.0,2018
2003-10,Ekspor,175.0,2018
2003-11,Ekspor,177.0,2018
2003-12,Ekspor,179.0,2018
2004-01,Ekspor,181.0,2018
2004-02,Ekspor,182.0,2018
2004-03,Ekspor,183.0,2018
2004-04,Ekspor,183.0,2018
2004-05,Ekspor,185.0,2018
2004-06,Ekspor,187.0,2018
2004-07,Ekspor,188.0,2018
2004-08,Ekspor,190.0,2018
2004-09,Ekspor,191.0,2018
2004-10,Ekspor,192.0,2018
2004-11,Ekspor,194.0,2018
2004-12,Ekspor,195.0,2018
2005-01,Ekspor,195.0,2018
2005-02,Ekspor,197.0,2018
2005-03,Ekspor,198.0,2018
2005-04,Ekspor,198.0,2018
2005-05,Ekspor,201.0,2018
2005-06,Ekspor,202.0,2018
2005-07,Ekspor,203.0,2018
2005-08,Ekspor,204.0,2018
2005-09,Ekspor,204.0,2018
2005-10,Ekspor,205.0,2018
2005-11,Ekspor,204.0,2018
2005-12,Ekspor,207.0,2018
2006-01,Ekspor,209.0,2018
2006-02,Ekspor,212.0,2018
2006-03,Ekspor,215.0,2018
2006-04,Ekspor,215.0,2018
2006-05,Ekspor,217.0,2018
2006-06,Ekspor,217.0,2018
2006-07,Ekspor,218.0,2018
2006-08,Ekspor,218.0,2018
2006-09,Ekspor,220.0,2018
2006-10,Ekspor,222.0,2018
2006-11,Ekspor,225.0,2018
2006-12,Ekspor,227.0,2018
2007-01,Ekspor,228.0,2018
2007-02,Ekspor,229.0,2018
2007-03,Ekspor,230.0,2018
2007-04,Ekspor,231.0,2018
2007-05,Ekspor,234.0,2018
2007-06,Ekspor,235.0,2018
2007-07,Ekspor,237.0,2018
2007-08,Ekspor,239.0,2018
2007-09,Ekspor,243.0,2018
2007-10,Ekspor,245.0,2018
2007-11,Ekspor,246.0,2018
2007-12,Ekspor,250.0,2018
2008-01,Ekspor,254.0,2018
2008-02,Ekspor,255.0,2018
2008-03,Ekspor,256.0,2018
2008-04,Ekspor,259.0,2018
2008-05,Ekspor,262.0,2018
2008-06,Ekspor,264.0,2018
2008-07,Ekspor,268.0,2018
2008-08,Ekspor,272.0,2018
2008-09,Ekspor,272.0,2018
2008-10,Ekspor,273.0,2018
2008-11,Ekspor,274.0,2018
2008-12,Ekspor,279.0,2018
2009-01,Ekspor,281.0,2018
2009-02,Ekspor,288.0,2018
2009-03,Ekspor,289.0,2018
2009-04,Ekspor,293.0,2018
2009-05,Ekspor,294.0,2018
2009-06,Ekspor,296.0,2018
2009-07,Ekspor,289.0,2018
2009-08,Ekspor,300.0,2018
2009-09,Ekspor,300.0,2018
2009-10,Ekspor,301.0,2018
2009-11,Ekspor,305.0,2018
2009-12,Ekspor,307.0,2018
2010-01,Ekspor,135.49,2018
2010-02,Ekspor,134.87,2018
2010-03,Ekspor,135.07,2018
2010-04,Ekspor,138.0,2018
2010-05,Ekspor,139.0,2018
2010-06,Ekspor,139.0,2018
2010-07,Ekspor,137.0,2018
2010-08,Ekspor,136.0,2018
2010-09,Ekspor,137.0,2018
2010-10,Ekspor,0.0,2018
2010-11,Ekspor,139.0,2018
2010-12,Ekspor,140.0,2018
2011-01,Ekspor,145.0,2018
2011-02,Ekspor,137.95,2018
2011-03,Ekspor,146.07,2018
2011-04,Ekspor,148.61,2018
2011-05,Ekspor,150.67,2018
2011-06,Ekspor,154.49,2018
2011-07,Ekspor,154.46,2018
2011-08,Ekspor,153.87,2018
2011-09,Ekspor,155.33,2018
2011-10,Ekspor,155.55,2018
2011-11,Ekspor,156.83,2018
2011-12,Ekspor,156.92,2018
2012-01,Ekspor,158.16,2018
2012-02,Ekspor,158.4,2018
2012-03,Ekspor,154.11,2018
2012-04,Ekspor,159.19,2018
2012-05,Ekspor,162.12,2018
2012-06,Ekspor,166.18,2018
2012-07,Ekspor,167.14,2018
2012-08,Ekspor,165.31,2018
2012-09,Ekspor,160.87,2018
2012-10,Ekspor,160.54,2018
2012-11,Ekspor,163.42,2018
2012-12,Ekspor,164.71,2018
2013-01,Ekspor,163.81,2018
2013-02,Ekspor,162.23,2018
2013-03,Ekspor,162.31,2018
2013-04,Ekspor,163.15,2018
2013-05,Ekspor,163.97,2018
2013-06,Ekspor,166.92,2018
2013-07,Ekspor,166.02,2018
2013-08,Ekspor,162.85,2018
2013-09,Ekspor,162.16,2018
2013-10,Ekspor,163.19,2018
2013-11,Ekspor,165.65,2018
2013-12,Ekspor,173.78,2018
2014-01,Ekspor,180.79,2018
2014-02,Ekspor,182.0,2018
2014-03,Ekspor,143.2,2018
2014-04,Ekspor,145.16,2018
2014-05,Ekspor,164.64,2018
2014-06,Ekspor,144.41,2018
2014-07,Ekspor,142.29,2018
2014-08,Ekspor,140.71,2018
2014-09,Ekspor,141.12,2018
2014-10,Ekspor,141.48,2018
2014-11,Ekspor,141.2,2018
2014-12,Ekspor,140.97,2018
2015-01,Ekspor,138.58,2018
2015-02,Ekspor,137.32,2018
2015-03,Ekspor,134.29,2018
2015-04,Ekspor,131.89,2018
2015-05,Ekspor,130.53,2018
2015-06,Ekspor,138.73,2018
2015-07,Ekspor,126.07,2018
2015-08,Ekspor,128.53,2018
2015-09,Ekspor,129.24,2018
2015-10,Ekspor,131.35,2018
2015-11,Ekspor,134.89,2018
2015-12,Ekspor,132.28,2018
2016-01,Ekspor,131.78,2018
2016-02,Ekspor,133.38,2018
2016-03,Ekspor,131.19,2018
2016-04,Ekspor,129.05,2018
2016-05,Ekspor,129.09,2018
2016-06,Ekspor,128.73,2018
2016-07,Ekspor,130.46,2018
2016-08,Ekspor,125.29,2018
2016-09,Ekspor,122.92,2018
2016-10,Ekspor,122.76,2018
2016-11,Ekspor,127.54,2018
2016-12,Ekspor,135.17,2018
2017-01,Ekspor,135.33,2018
2017-02,Ekspor,136.65,2018
2017-03,Ekspor,135.36,2018
2017-04,Ekspor,138.45,2018
2017-05,Ekspor,139.62,2018
2017-06,Ekspor,139.29,2018
2017-07,Ekspor,141.33,2018
2017-08,Ekspor,133.31,2018
2017-09,Ekspor,141.99,2018
2017-10,Ekspor,141.88,2018
2017-11,Ekspor,145.76,2018
2017-12,Ekspor,145.22,2018
2018-01,Ekspor,144.04,2018
2018-02,Ekspor,142.91,2018
2018-03,Ekspor,140.85,2018
2018-04,Ekspor,142.17,2018
2018-05,Ekspor,144.29,2018
2018-06,Ekspor,146.9,2018
2018-07,Ekspor,149.49,2018
2018-08,Ekspor,150.83,2018
2018-09,Ekspor,144.69,2018
2018-10,Ekspor,153.92,2018
2018-11,Ekspor,154.46,2018
2018-12,Ekspor,156.64,2018
2019-01,Ekspor,159.12,2018
2019-02,Ekspor,162.77,2018
2019-03,Ekspor,164.43,2018
2019-04,Ekspor,166.04,2018
2019-05,Ekspor,167.11,2018
2019-06,Ekspor,171.36,2018
2019-07,Ekspor,172.82,2018
2019-08,Ekspor,162.86,2018
2019-09,Ekspor,155.93,2018
2019-10,Ekspor,162.29,2018
2019-11,Ekspor,155.59,2018
2019-12,Ekspor,159.05,2018
2020-01,Ekspor,103.04453154,2018
2020-02,Ekspor,103.29003539,2018
2020-03,Ekspor,103.39171939,2018
2020-04,Ekspor,103.47456139,2018
2020-05,Ekspor,103.37471886,2018
2020-06,Ekspor,103.54030981,2018
2020-07,Ekspor,103.4526695,2018
2020-08,Ekspor,103.37987686,2018
2020-09,Ekspor,103.36147840852223,2018
2020-10,Ekspor,103.56655589519255,2018
2020-11,Ekspor,104.05808115,2018
2020-12,Ekspor,104.61779537,2018
2021-01,Ekspor,103.54602779697622,2018
2021-02,Ekspor,105.20467409,2018
2021-03,Ekspor,105.3988097,2018
2021-04,Ekspor,105.53477562,2018
2021-05,Ekspor,105.85993614,2018
2021-06,Ekspor,106.2003533,2018
2021-07,Ekspor,106.16298739,2018
2021-08,Ekspor,106.25798632,2018
2021-09,Ekspor,106.35327559,2018
2021-10,Ekspor,106.34491914,2018
2021-11,Ekspor,106.53630824,2018
2021-12,Ekspor,106.88112067,2018
2022-01,Ekspor,107.66135539,2018
2022-02,Ekspor,106.19970846583333,2018
2022-03,Ekspor,108.46676367,2018
2022-04,Ekspor,108.45696807,2018
2022-05,Ekspor,109.26920595,2018
2022-06,Ekspor,110.32843945,2018
2022-07,Ekspor,110.68797442,2018
2022-08,Ekspor,111.43040074,2018
2022-09,Ekspor,111.94503994,2018
2022-10,Ekspor,111.81169421,2018
2022-11,Ekspor,112.77069188,2018
2022-12,Ekspor,112.71848625,2018
2023-01,Ekspor,113.02406573,2018
2023-02,Ekspor,113.88285893,2018
2023-03,Ekspor,111.23271577000003,2018
2023-04,Ekspor,114.53,2018
2023-05,Ekspor,114.89,2018
2023-06,Ekspor,115.21,2018
2023-07,Ekspor,115.36,2018
2023-08,Ekspor,115.59,2018
2023-09,Ekspor,115.74,2018
2023-10,Ekspor,115.93,2018
2023-11,Ekspor,115.97,2018
2023-12,Ekspor,116.47,2018
2024-01,Ekspor,116.73,2018
2024-02,Ekspor,117.03,2018
2024-03,Ekspor,117.46,2018
2024-04,Ekspor,115.91,2018
2024-05,Ekspor,117.74,2018
2024-06,Ekspor,118.6,2018
2024-07,Ekspor,119.41,2018
2024-08,Ekspor,119.64,2018
2024-09,Ekspor,119.6,2018
2024-10,Ekspor,119.63,2018
2024-11,Ekspor,119.39,2018
2024-12,Ekspor,119.24,2018
2025-01,Ekspor,119.03,2018
2025-02,Ekspor,119.01,2018
2025-03,Ekspor,119.32,2018
2025-04,Ekspor,119.79,2018
2025-05,Ekspor,119.79,2018
2025-09,Ekspor,5.0,2018
2010-01,IHPB,167.35,2018
2010-02,IHPB,167.41,2018
2010-03,IHPB,167.78,2018
2010-04,IHPB,169.0,2018
2010-05,IHPB,170.0,2018
2010-06,IHPB,170.0,2018
2010-07,IHPB,170.0,2018
2010-08,IHPB,171.0,2018
2010-09,IHPB,172.0,2018
2010-10,IHPB,0.0,2018
2010-11,IHPB,173.0,2018
2010-12,IHPB,174.0,2018
2011-01,IHPB,176.0,2018
2011-02,IHPB,170.63,2018
2011-03,IHPB,178.45,2018
2011-04,IHPB,180.12,2018
2011-05,IHPB,181.1,2018
2011-06,IHPB,182.12,2018
2011-07,IHPB,182.29,2018
2011-08,IHPB,182.27,2018
2011-09,IHPB,183.53,2018
2011-10,IHPB,184.45,2018
2011-11,IHPB,185.57,2018
2011-12,IHPB,185.88,2018
2012-01,IHPB,186.68,2018
2012-02,IHPB,187.31,2018
2012-03,IHPB,183.31,2018
2012-04,IHPB,188.69,2018
2012-05,IHPB,190.44,2018
2012-06,IHPB,192.27,2018
2012-07,IHPB,192.71,2018
2012-08,IHPB,192.07,2018
2012-09,IHPB,190.71,2018
2012-10,IHPB,191.44,2018
2012-11,IHPB,194.65,2018
2012-12,IHPB,195.19,2018
2013-01,IHPB,195.03,2018
2013-02,IHPB,194.4,2018
2013-03,IHPB,194.66,2018
2013-04,IHPB,192.69,2018
2013-05,IHPB,197.08,2018
2013-06,IHPB,198.88,2018
2013-07,IHPB,198.79,2018
2013-08,IHPB,197.48,2018
2013-09,IHPB,197.37,2018
2013-10,IHPB,198.7,2018
2013-11,IHPB,202.47,2018
2013-12,IHPB,206.65,2018
2014-01,IHPB,210.09,2018
2014-02,IHPB,212.0,2018
2014-03,IHPB,126.87,2018
2014-04,IHPB,128.76,2018
2014-05,IHPB,189.6,2018
2014-06,IHPB,130.44,2018
2014-07,IHPB,130.43,2018
2014-08,IHPB,130.52,2018
2014-09,IHPB,130.96,2018
2014-10,IHPB,131.7,2018
2014-11,IHPB,132.81,2018
2014-12,IHPB,133.48,2018
2015-01,IHPB,133.19,2018
2015-02,IHPB,133.48,2018
2015-03,IHPB,133.44,2018
2015-04,IHPB,133.67,2018
2015-05,IHPB,135.16,2018
2015-06,IHPB,132.44,2018
2015-07,IHPB,133.9,2018
2015-08,IHPB,133.69,2018
2015-09,IHPB,134.69,2018
2015-10,IHPB,135.34,2018
2015-11,IHPB,137.74,2018
2015-12,IHPB,138.54,2018
2016-01,IHPB,139.01,2018
2016-02,IHPB,140.88,2018
2016-03,IHPB,140.52,2018
2016-04,IHPB,140.05,2018
2016-05,IHPB,141.39,2018
2016-06,IHPB,143.34,2018
2016-07,IHPB,138.26,2018
2016-08,IHPB,142.7,2018
2016-09,IHPB,141.71,2018
2016-10,IHPB,144.78,2018
2016-11,IHPB,146.07,2018
2016-12,IHPB,148.17,2018
2017-01,IHPB,149.79,2018
2017-02,IHPB,151.11,2018
2017-03,IHPB,151.64,2018
2017-04,IHPB,152.64,2018
2017-05,IHPB,153.01,2018
2017-06,IHPB,153.51,2018
2017-07,IHPB,154.81,2018
2017-08,IHPB,149.16,2018
2017-09,IHPB,155.95,2018
2017-10,IHPB,156.17,2018
2017-11,IHPB,156.83,2018
2017-12,IHPB,155.42,2018
2018-01,IHPB,154.99,2018
2018-02,IHPB,154.84,2018
2018-03,IHPB,154.49,2018
2018-04,IHPB,154.84,2018
2018-05,IHPB,155.83,2018
2018-06,IHPB,156.86,2018
2018-07,IHPB,157.85,2018
2018-08,IHPB,159.04,2018
2018-09,IHPB,156.09,2018
2018-10,IHPB,160.94,2018
2018-11,IHPB,161.52,2018
2018-12,IHPB,162.35,2018
2019-01,IHPB,163.03,2018
2019-02,IHPB,164.16,2018
2019-03,IHPB,165.05,2018
2019-04,IHPB,166.01,2018
2019-05,IHPB,166.28,2018
2019-06,IHPB,167.2,2018
2019-07,IHPB,167.95,2018
2019-08,IHPB,166.26,2018
2019-09,IHPB,164.48,2018
2019-10,IHPB,164.6,2018
2019-11,IHPB,164.47,2018
2019-12,IHPB,164.85,2018
2020-01,IHPB,147.61569719965436,2018
2020-02,IHPB,147.67901893170125,2018
2020-03,IHPB,148.643592004027,2018
2020-04,IHPB,150.94791101104218,2018
2020-05,IHPB,149.4776267324959,2018
2020-06,IHPB,148.25831014056493,2018
2020-07,IHPB,148.38264511299369,2018
2020-08,IHPB,148.7874250083088,2018
2020-09,IHPB,148.85635972815322,2018
2020-10,IHPB,148.68457652376662,2018
2020-11,IHPB,147.89865670650005,2018
2020-12,IHPB,147.7003057723228,2018
2021-01,IHPB,148.57767707262755,2018
2021-02,IHPB,147.70870342319353,2018
2021-03,IHPB,147.90112357947493,2018
2021-04,IHPB,148.78488041453764,2018
2021-05,IHPB,149.23046830673925,2018
2021-06,IHPB,149.2788181145566,2018
2021-07,IHPB,149.18446793747478,2018
2021-08,IHPB,149.70249385763847,2018
2021-09,IHPB,149.23091795461715,2018
2021-10,IHPB,149.252561899276,2018
2021-11,IHPB,149.3540850459472,2018
2021-12,IHPB,149.64335765629264,2018
2022-01,IHPB,149.96861753285188,2018
2022-02,IHPB,149.10337464354996,2018
2022-03,IHPB,150.1820105340849,2018
2022-04,IHPB,150.22976938722115,2018
2022-05,IHPB,151.031983828159,2018
2022-06,IHPB,151.12542369740828,2018
2022-07,IHPB,151.3273887837447,2018
2022-08,IHPB,151.34341875848455,2018
2022-09,IHPB,151.69784694293566,2018
2022-10,IHPB,151.4889264723886,2018
2022-11,IHPB,151.65804099001798,2018
2022-12,IHPB,152.6014284917983,2018
2023-01,IHPB,152.75742782766156,2018
2023-02,IHPB,152.83334906976,2018
2023-03,IHPB,151.5230845653054,2018
2023-04,IHPB,152.94,2018
2023-05,IHPB,153.14,2018
2023-06,IHPB,153.59,2018
2023-07,IHPB,153.52,2018
2023-08,IHPB,153.3,2018
2023-09,IHPB,154.14,2018
2023-10,IHPB,154.03,2018
2023-11,IHPB,153.98,2018
2023-12,IHPB,153.97,2018
2024-01,IHPB,154.03,2018
2024-02,IHPB,154.09,2018
2024-03,IHPB,153.86,2018
2024-04,IHPB,153.71,2018
2024-05,IHPB,155.53,2018
2024-06,IHPB,156.02,2018
2024-07,IHPB,155.78,2018
2024-08,IHPB,156.08,2018
2024-09,IHPB,156.09,2018
2024-10,IHPB,156.16,2018
2024-11,IHPB,156.25,2018
2024-12,IHPB,156.11,2018
2025-01,IHPB,156.16,2018
2025-02,IHPB,156.3,2018
2025-03,IHPB,156.9,2018
2025-04,IHPB,153.71,2018
2025-05,IHPB,154.71,2018
2025-09,IHPB,8.0,2018
2003-01,Impor,186.0,2018
2003-02,Impor,188.0,2018
2003-03,Impor,188.0,2018
2003-04,Impor,189.0,2018
2003-05,Impor,190.0,2018
2003-06,Impor,191.0,2018
2003-07,Impor,191.0,2018
2003-08,Impor,191.0,2018
2003-09,Impor,192.0,2018
2003-10,Impor,193.0,2018
2003-11,Impor,195.0,2018
2003-12,Impor,196.0,2018
2004-01,Impor,199.0,2018
2004-02,Impor,201.0,2018
2004-03,Impor,202.0,2018
2004-04,Impor,202.0,2018
2004-05,Impor,204.0,2018
2004-06,Impor,205.0,2018
2004-07,Impor,206.0,2018
2004-08,Impor,207.0,2018
2004-09,Impor,209.0,2018
2004-10,Impor,209.0,2018
2004-11,Impor,214.0,2018
2004-12,Impor,216.0,2018
2005-01,Impor,218.0,2018
2005-02,Impor,218.0,2018
2005-03,Impor,222.0,2018
2005-04,Impor,222.0,2018
2005-05,Impor,224.0,2018
2005-06,Impor,226.0,2018
2005-07,Impor,227.0,2018
2005-08,Impor,227.0,2018
2005-09,Impor,227.0,2018
2005-10,Impor,227.0,2018
2005-11,Impor,228.0,2018
2005-12,Impor,230.0,2018
2006-01,Impor,236.0,2018
2006-02,Impor,241.0,2018
2006-03,Impor,245.0,2018
2006-04,Impor,246.0,2018
2006-05,Impor,247.0,2018
2006-06,Impor,250.0,2018
2006-07,Impor,253.0,2018
2006-08,Impor,256.0,2018
2006-09,Impor,256.0,2018
2006-10,Impor,258.0,2018
2006-11,Impor,260.0,2018
2006-12,Impor,265.0,2018
2007-01,Impor,273.0,2018
2007-02,Impor,278.0,2018
2007-03,Impor,282.0,2018
2007-04,Impor,285.0,2018
2007-05,Impor,288.0,2018
2007-06,Impor,291.0,2018
2007-07,Impor,298.0,2018
2007-08,Impor,305.0,2018
2007-09,Impor,309.0,2018
2007-10,Impor,316.0,2018
2007-11,Impor,321.0,2018
2007-12,Impor,327.0,2018
2008-01,Impor,332.0,2018
2008-02,Impor,342.0,2018
2008-03,Impor,344.0,2018
2008-04,Impor,351.0,2018
2008-05,Impor,357.0,2018
2008-06,Impor,358.0,2018
2008-07,Impor,361.0,2018
2008-08,Impor,360.0,2018
2008-09,Impor,359.0,2018
2008-10,Impor,360.0,2018
2008-11,Impor,363.0,2018
2008-12,Impor,371.0,2018
2009-01,Impor,382.0,2018
2009-02,Impor,388.0,2018
2009-03,Impor,388.0,2018
2009-04,Impor,394.0,2018
2009-05,Impor,396.0,2018
2009-06,Impor,403.0,2018
2009-07,Impor,403.0,2018
2009-08,Impor,406.0,2018
2009-09,Impor,403.0,2018
2009-10,Impor,404.0,2018
2009-11,Impor,407.0,2018
2009-12,Impor,413.0,2018
2010-01,Impor,159.55,2018
2010-02,Impor,157.9,2018
2010-03,Impor,158.39,2018
2010-04,Impor,161.0,2018
2010-05,Impor,161.0,2018
2010-06,Impor,159.0,2018
2010-07,Impor,159.0,2018
2010-08,Impor,159.0,2018
2010-09,Impor,160.0,2018
2010-10,Impor,0.0,2018
2010-11,Impor,163.0,2018
2010-12,Impor,164.0,2018
2011-01,Impor,168.0,2018
2011-02,Impor,160.82,2018
2011-03,Impor,170.63,2018
2011-04,Impor,173.55,2018
2011-05,Impor,176.58,2018
2011-06,Impor,178.44,2018
2011-07,Impor,177.23,2018
2011-08,Impor,175.51,2018
2011-09,Impor,176.85,2018
2011-10,Impor,176.41,2018
2011-11,Impor,179.19,2018
2011-12,Impor,180.05,2018
2012-01,Impor,182.04,2018
2012-02,Impor,181.99,2018
2012-03,Impor,177.37,2018
2012-04,Impor,182.99,2018
2012-05,Impor,185.94,2018
2012-06,Impor,190.37,2018
2012-07,Impor,188.59,2018
2012-08,Impor,186.22,2018
2012-09,Impor,182.27,2018
2012-10,Impor,183.6,2018
2012-11,Impor,193.57,2018
2012-12,Impor,194.42,2018
2013-01,Impor,194.47,2018
2013-02,Impor,193.32,2018
2013-03,Impor,194.28,2018
2013-04,Impor,189.17,2018
2013-05,Impor,195.6,2018
2013-06,Impor,198.09,2018
2013-07,Impor,196.37,2018
2013-08,Impor,192.72,2018
2013-09,Impor,191.6,2018
2013-10,Impor,193.63,2018
2013-11,Impor,197.59,2018
2013-12,Impor,205.07,2018
2014-01,Impor,209.91,2018
2014-02,Impor,212.0,2018
2014-03,Impor,131.34,2018
2014-04,Impor,134.43,2018
2014-05,Impor,188.2,2018
2014-06,Impor,135.58,2018
2014-07,Impor,135.57,2018
2014-08,Impor,135.15,2018
2014-09,Impor,134.65,2018
2014-10,Impor,138.96,2018
2014-11,Impor,140.39,2018
2014-12,Impor,140.06,2018
2015-01,Impor,139.31,2018
2015-02,Impor,139.1,2018
2015-03,Impor,139.3,2018
2015-04,Impor,136.28,2018
2015-05,Impor,134.09,2018
2015-06,Impor,137.37,2018
2015-07,Impor,132.15,2018
2015-08,Impor,132.14,2018
2015-09,Impor,133.0,2018
2015-10,Impor,133.56,2018
2015-11,Impor,134.75,2018
2015-12,Impor,134.97,2018
2016-01,Impor,135.0,2018
2016-02,Impor,135.1,2018
2016-03,Impor,135.4,2018
2016-04,Impor,135.29,2018
2016-05,Impor,135.39,2018
2016-06,Impor,133.52,2018
2016-07,Impor,134.19,2018
2016-08,Impor,128.36,2018
2016-09,Impor,125.17,2018
2016-10,Impor,125.01,2018
2016-11,Impor,127.23,2018
2016-12,Impor,127.65,2018
2017-01,Impor,128.62,2018
2017-02,Impor,128.23,2018
2017-03,Impor,128.13,2018
2017-04,Impor,128.73,2018
2017-05,Impor,129.34,2018
2017-06,Impor,130.11,2018
2017-07,Impor,130.66,2018
2017-08,Impor,128.1,2018
2017-09,Impor,131.09,2018
2017-10,Impor,131.88,2018
2017-11,Impor,133.36,2018
2017-12,Impor,133.41,2018
2018-01,Impor,133.76,2018
2018-02,Impor,133.9,2018
2018-03,Impor,133.89,2018
2018-04,Impor,134.34,2018
2018-05,Impor,136.65,2018
2018-06,Impor,138.26,2018
2018-07,Impor,139.01,2018
2018-08,Impor,140.45,2018
2018-09,Impor,135.0,2018
2018-10,Impor,142.35,2018
2018-11,Impor,143.18,2018
2018-12,Impor,143.78,2018
2019-01,Impor,143.98,2018
2019-02,Impor,145.11,2018
2019-03,Impor,147.32,2018
2019-04,Impor,148.64,2018
2019-05,Impor,149.3,2018
2019-06,Impor,150.36,2018
2019-07,Impor,151.51,2018
2019-08,Impor,153.1,2018
2019-09,Impor,149.59,2018
2019-10,Impor,147.35,2018
2019-11,Impor,148.45,2018
2019-12,Impor,149.56,2018
2020-01,Impor,103.43244694,2018
2020-02,Impor,103.59388839,2018
2020-03,Impor,103.81275981,2018
2020-04,Impor,104.08440333,2018
2020-05,Impor,104.199312,2018
2020-06,Impor,104.353673,2018
2020-07,Impor,104.33190624,2018
2020-08,Impor,104.50889196,2018
2020-09,Impor,104.56590828695226,2018
2020-10,Impor,104.71154078384967,2018
2020-11,Impor,104.91617053,2018
2020-12,Impor,105.13102211,2018
2021-01,Impor,104.30349361506683,2018
2021-02,Impor,105.61011614,2018
2021-03,Impor,105.88719968,2018
2021-04,Impor,106.08142981,2018
2021-05,Impor,106.42515019,2018
2021-06,Impor,106.74567017,2018
2021-07,Impor,106.98374181,2018
2021-08,Impor,107.1148337,2018
2021-09,Impor,107.35078983,2018
2021-10,Impor,107.56582909,2018
2021-11,Impor,107.92907975,2018
2021-12,Impor,108.40400719,2018
2022-01,Impor,108.96784152,2018
2022-02,Impor,107.08880740666665,2018
2022-03,Impor,109.77986293,2018
2022-04,Impor,110.04548304,2018
2022-05,Impor,110.67515735,2018
2022-06,Impor,111.90765725,2018
2022-07,Impor,112.33077002,2018
2022-08,Impor,112.75086072,2018
2022-09,Impor,113.23433067,2018
2022-10,Impor,113.72922628,2018
2022-11,Impor,114.86075552,2018
2022-12,Impor,115.08945855,2018
2023-01,Impor,115.36282342,2018
2023-02,Impor,115.80795657,2018
2023-03,Impor,112.96452852666665,2018
2023-04,Impor,116.21,2018
2023-05,Impor,116.72,2018
2023-06,Impor,116.98,2018
2023-07,Impor,117.22,2018
2023-08,Impor,117.36,2018
2023-09,Impor,117.35,2018
2023-10,Impor,117.47,2018
2023-11,Impor,117.58,2018
2023-12,Impor,118.11,2018
2024-01,Impor,118.36,2018
2024-02,Impor,118.45,2018
2024-03,Impor,118.56,2018
2024-04,Impor,117.53,2018
2024-05,Impor,118.78,2018
2024-06,Impor,119.5,2018
2024-07,Impor,120.0,2018
2024-08,Impor,120.21,2018
2024-09,Impor,120.17,2018
2024-10,Impor,120.25,2018
2024-11,Impor,120.44,2018
2024-12,Impor,120.59,2018
2025-01,Impor,120.74,2018
2025-02,Impor,120.72,2018
2025-03,Impor,120.87,2018
2025-04,Impor,121.07,2018
2025-05,Impor,121.07,2018
2025-09,Impor,4.0,2018
2010-01,Industri,169.19,2018
2010-02,Industri,169.85,2018
2010-03,Industri,170.21,2018
2010-04,Industri,170.36,2018
2010-05,Industri,170.85,2018
2010-06,Industri,171.23,2018
2010-07,Industri,171.7,2018
2010-08,Industri,173.01,2018
2010-09,Industri,173.64,2018
2010-10,Industri,0.0,2018
2010-11,Industri,174.01,2018
2010-12,Industri,174.57,2018
2011-01,Industri,175.45,2018
2011-02,Industri,172.01,2018
2011-03,Industri,176.97,2018
2011-04,Industri,178.12,2018
2011-05,Industri,178.61,2018
2011-06,Industri,178.8,2018
2011-07,Industri,179.63,2018
2011-08,Industri,179.77,2018
2011-09,Industri,180.6,2018
2011-10,Industri,181.36,2018
2011-11,Industri,181.89,2018
2011-12,Industri,182.13,2018
2012-01,Industri,182.54,2018
2012-02,Industri,183.44,2018
2012-03,Industri,180.32,2018
2012-04,Industri,184.64,2018
2012-05,Industri,185.41,2018
2012-06,Industri,186.0,2018
2012-07,Industri,186.91,2018
2012-08,Industri,187.02,2018
2012-09,Industri,187.07,2018
2012-10,Industri,187.56,2018
2012-11,Industri,188.52,2018
2012-12,Industri,189.02,2018
2013-01,Industri,188.92,2018
2013-02,Industri,189.27,2018
2013-03,Industri,189.43,2018
2013-04,Industri,187.48,2018
2013-05,Industri,190.34,2018
2013-06,Industri,191.05,2018
2013-07,Industri,191.38,2018
2013-08,Industri,191.48,2018
2013-09,Industri,191.89,2018
2013-10,Industri,193.01,2018
2013-11,Industri,195.28,2018
2013-12,Industri,196.33,2018
2014-01,Industri,199.17,2018
2014-02,Industri,201.0,2018
2014-03,Industri,116.6,2018
2014-04,Industri,117.94,2018
2014-05,Industri,181.29,2018
2014-06,Industri,119.85,2018
2014-07,Industri,120.51,2018
2014-08,Industri,121.37,2018
2014-09,Industri,121.51,2018
2014-10,Industri,122.07,2018
2014-11,Industri,122.65,2018
2014-12,Industri,123.47,2018
2015-01,Industri,123.8,2018
2015-02,Industri,124.07,2018
2015-03,Industri,124.03,2018
2015-04,Industri,124.42,2018
2015-05,Industri,126.25,2018
2015-06,Industri,122.83,2018
2015-07,Industri,126.95,2018
2015-08,Industri,126.8,2018
2015-09,Industri,128.13,2018
2015-10,Industri,127.88,2018
2015-11,Industri,128.53,2018
2015-12,Industri,129.5,2018
2016-01,Industri,129.66,2018
2016-02,Industri,130.14,2018
2016-03,Industri,129.18,2018
2016-04,Industri,129.46,2018
2016-05,Industri,129.89,2018
2016-06,Industri,130.55,2018
2016-07,Industri,128.89,2018
2016-08,Industri,131.31,2018
2016-09,Industri,130.85,2018
2016-10,Industri,131.74,2018
2016-11,Industri,132.01,2018
2016-12,Industri,132.7,2018
2017-01,Industri,134.28,2018
2017-02,Industri,135.05,2018
2017-03,Industri,135.18,2018
2017-04,Industri,135.54,2018
2017-05,Industri,135.51,2018
2017-06,Industri,135.98,2018
2017-07,Industri,136.93,2018
2017-08,Industri,133.92,2018
2017-09,Industri,138.29,2018
2017-10,Industri,138.6,2018
2017-11,Industri,138.35,2018
2017-12,Industri,137.83,2018
2018-01,Industri,138.11,2018
2018-02,Industri,138.23,2018
2018-03,Industri,138.0,2018
2018-04,Industri,138.17,2018
2018-05,Industri,138.79,2018
2018-06,Industri,139.21,2018
2018-07,Industri,139.82,2018
2018-08,Industri,140.43,2018
2018-09,Industri,138.65,2018
2018-10,Industri,141.57,2018
2018-11,Industri,142.11,2018
2018-12,Industri,142.31,2018
2019-01,Industri,142.39,2018
2019-02,Industri,142.97,2018
2019-03,Industri,143.23,2018
2019-04,Industri,143.74,2018
2019-05,Industri,143.79,2018
2019-06,Industri,144.14,2018
2019-07,Industri,144.66,2018
2019-08,Industri,144.94,2018
2019-09,Industri,145.26,2018
2019-10,Industri,143.43,2018
2019-11,Industri,145.46,2018
2019-12,Industri,145.64,2018
2020-01,Industri,99.16675313,2018
2020-02,Industri,99.16333005,2018
2020-03,Industri,99.81345117,2018
2020-04,Industri,100.72294043,2018
2020-05,Industri,99.98998229,2018
2020-06,Industri,100.05026141,2018
2020-07,Industri,100.53453418,2018
2020-08,Industri,101.06308771,2018
2020-09,Industri,100.90644416512708,2018
2020-10,Industri,101.05775810845365,2018
2020-11,Industri,101.3973181,2018
2020-12,Industri,101.45567562,2018
2021-01,Industri,100.44346136363173,2018
2021-02,Industri,102.98012012,2018
2021-03,Industri,104.27935949,2018
2021-04,Industri,104.73267176,2018
2021-05,Industri,105.39089884,2018
2021-06,Industri,105.5921065,2018
2021-07,Industri,106.22268916,2018
2021-08,Industri,106.99569105,2018
2021-09,Industri,108.18545551,2018
2021-10,Industri,108.70024984,2018
2021-11,Industri,109.42952795,2018
2021-12,Industri,110.61976658,2018
2022-01,Industri,110.89988042,2018
2022-02,Industri,107.00236810166666,2018
2022-03,Industri,111.07237556,2018
2022-04,Industri,111.81554806,2018
2022-05,Industri,112.80783546,2018
2022-06,Industri,114.43291426,2018
2022-07,Industri,114.49828828,2018
2022-08,Industri,115.94769586,2018
2022-09,Industri,117.17640215,2018
2022-10,Industri,117.33546673,2018
2022-11,Industri,119.93452026,2018
2022-12,Industri,121.63138846,2018
2023-01,Industri,122.07833051,2018
2023-02,Industri,122.9929586,2018
2023-03,Industri,116.81031034916667,2018
2023-04,Industri,124.65,2018
2023-05,Industri,124.59,2018
2023-06,Industri,125.24,2018
2023-07,Industri,125.79,2018
2023-08,Industri,125.66,2018
2023-09,Industri,125.42,2018
2023-10,Industri,124.7,2018
2023-11,Industri,123.32,2018
2023-12,Industri,124.6,2018
2024-01,Industri,123.53,2018
2024-02,Industri,123.75,2018
2024-03,Industri,124.07,2018
2024-04,Industri,124.61,2018
2024-05,Industri,125.19,2018
2024-06,Industri,125.36,2018
2024-07,Industri,126.06,2018
2024-08,Industri,126.38,2018
2024-09,Industri,127.54,2018
2024-10,Industri,126.64,2018
2024-11,Industri,126.52,2018
2024-12,Industri,125.31,2018
2025-01,Industri,125.7,2018
2025-02,Industri,126.25,2018
2025-03,Industri,125.99,2018
2025-04,Industri,126.44,2018
2025-05,Industri,126.44,2018
2025-09,Industri,3.0,2018
2003-01,Migas,186.0,2018
2003-02,Migas,187.0,2018
2003-03,Migas,188.0,2018
2003-04,Migas,187.0,2018
2003-05,Migas,188.0,2018
2003-06,Migas,189.0,2018
2003-07,Migas,189.0,2018
2003-08,Migas,190.0,2018
2003-09,Migas,196.0,2018
2003-10,Migas,198.0,2018
2003-11,Migas,199.0,2018
2003-12,Migas,200.0,2018
2004-01,Migas,198.0,2018
2004-02,Migas,198.0,2018
2004-03,Migas,199.0,2018
2004-04,Migas,199.0,2018
2004-05,Migas,202.0,2018
2004-06,Migas,202.0,2018
2004-07,Migas,201.0,2018
2004-08,Migas,202.0,2018
2004-09,Migas,202.0,2018
2004-10,Migas,204.0,2018
2004-11,Migas,203.0,2018
2004-12,Migas,203.0,2018
2005-01,Migas,207.0,2018
2005-02,Migas,208.0,2018
2005-03,Migas,207.0,2018
2005-04,Migas,207.0,2018
2005-05,Migas,207.0,2018
2005-06,Migas,208.0,2018
2005-07,Migas,208.0,2018
2005-08,Migas,208.0,2018
2005-09,Migas,208.0,2018
2005-10,Migas,208.0,2018
2005-11,Migas,209.0,2018
2005-12,Migas,209.0,2018
2006-01,Migas,210.0,2018
2006-02,Migas,210.0,2018
2006-03,Migas,210.0,2018
2006-04,Migas,211.0,2018
2006-05,Migas,212.0,2018
2006-06,Migas,212.0,2018
2006-07,Migas,212.0,2018
2006-08,Migas,212.0,2018
2006-09,Migas,213.0,2018
2006-10,Migas,212.0,2018
2006-11,Migas,212.0,2018
2006-12,Migas,213.0,2018
2007-01,Migas,212.0,2018
2007-02,Migas,213.0,2018
2007-03,Migas,213.0,2018
2007-04,Migas,213.0,2018
2007-05,Migas,213.0,2018
2007-06,Migas,214.0,2018
2007-07,Migas,215.0,2018
2007-08,Migas,216.0,2018
2007-09,Migas,216.0,2018
2007-10,Migas,218.0,2018
2007-11,Migas,218.0,2018
2007-12,Migas,219.0,2018
2008-01,Migas,221.0,2018
2008-02,Migas,223.0,2018
2008-03,Migas,224.0,2018
2008-04,Migas,227.0,2018
2008-05,Migas,229.0,2018
2008-06,Migas,229.0,2018
2008-07,Migas,232.0,2018
2008-08,Migas,233.0,2018
2008-09,Migas,234.0,2018
2008-10,Migas,236.0,2018
2008-11,Migas,236.0,2018
2008-12,Migas,237.0,2018
2009-01,Migas,238.0,2018
2009-02,Migas,238.0,2018
2009-03,Migas,240.0,2018
2009-04,Migas,241.0,2018
2009-05,Migas,242.0,2018
2009-06,Migas,243.0,2018
2009-07,Migas,244.0,2018
2009-08,Migas,244.0,2018
2009-09,Migas,245.0,2018
2009-10,Migas,245.0,2018
2009-11,Migas,245.0,2018
2009-12,Migas,245.0,2018
2010-01,Migas,125.0,2018
2010-02,Migas,122.0,2018
2010-03,Migas,121.0,2018
2010-04,Migas,129.0,2018
2010-05,Migas,128.0,2018
2010-06,Migas,121.0,2018
2010-07,Migas,117.0,2018
2010-08,Migas,117.0,2018
2010-09,Migas,120.0,2018
2010-10,Migas,0.0,2018
2010-11,Migas,125.0,2018
2010-12,Migas,130.0,2018
2011-01,Migas,139.0,2018
2011-02,Migas,124.5,2018
2011-03,Migas,148.0,2018
2011-04,Migas,157.0,2018
2011-05,Migas,166.0,2018
2011-06,Migas,179.57,2018
2011-07,Migas,176.47,2018
2011-08,Migas,172.04,2018
2011-09,Migas,176.45,2018
2011-10,Migas,177.48,2018
2011-11,Migas,179.33,2018
2011-12,Migas,178.43,2018
2012-01,Migas,183.06,2018
2012-02,Migas,183.46,2018
2012-03,Migas,173.11,2018
2012-04,Migas,183.82,2018
2012-05,Migas,195.04,2018
2012-06,Migas,204.42,2018
2012-07,Migas,205.81,2018
2012-08,Migas,200.33,2018
2012-09,Migas,183.13,2018
2012-10,Migas,183.76,2018
2012-11,Migas,195.34,2018
2012-12,Migas,199.74,2018
2013-01,Migas,195.6,2018
2013-02,Migas,192.21,2018
2013-03,Migas,192.21,2018
2013-04,Migas,194.28,2018
2013-05,Migas,196.89,2018
2013-06,Migas,203.35,2018
2013-07,Migas,199.47,2018
2013-08,Migas,187.62,2018
2013-09,Migas,183.92,2018
2013-10,Migas,185.84,2018
2013-11,Migas,194.66,2018
2013-12,Migas,217.59,2018
2014-01,Migas,227.57,2018
2014-02,Migas,226.0,2018
2014-03,Migas,532.0,2018
2014-04,Migas,508.0,2018
2014-05,Migas,168.58,2018
2014-06,Migas,187.98,2018
2014-07,Migas,178.59,2018
2014-08,Migas,178.64,2018
2014-09,Migas,180.14,2018
2014-10,Migas,184.98,2018
2014-11,Migas,183.4,2018
2014-12,Migas,176.75,2018
2015-01,Migas,170.37,2018
2015-02,Migas,167.94,2018
2015-03,Migas,149.58,2018
2015-04,Migas,137.92,2018
2015-05,Migas,120.93,2018
2015-06,Migas,168.1,2018
2015-07,Migas,94.52,2018
2015-08,Migas,112.31,2018
2015-09,Migas,110.46,2018
2015-10,Migas,118.24,2018
2015-11,Migas,127.35,2018
2015-12,Migas,124.49,2018
2016-01,Migas,113.2,2018
2016-02,Migas,109.86,2018
2016-03,Migas,106.33,2018
2016-04,Migas,105.9,2018
2016-05,Migas,105.72,2018
2016-06,Migas,99.38,2018
2016-07,Migas,110.65,2018
2016-08,Migas,79.24,2018
2016-09,Migas,72.95,2018
2016-10,Migas,79.1,2018
2016-11,Migas,85.78,2018
2016-12,Migas,93.02,2018
2017-01,Migas,96.12,2018
2017-02,Migas,94.37,2018
2017-03,Migas,95.37,2018
2017-04,Migas,98.93,2018
2017-05,Migas,109.74,2018
2017-06,Migas,110.17,2018
2017-07,Migas,118.22,2018
2017-08,Migas,94.42,2018
2017-09,Migas,118.11,2018
2017-10,Migas,116.43,2018
2017-11,Migas,120.08,2018
2017-12,Migas,117.63,2018
2018-01,Migas,117.11,2018
2018-02,Migas,115.61,2018
2018-03,Migas,115.84,2018
2018-04,Migas,120.06,2018
2018-05,Migas,127.89,2018
2018-06,Migas,130.19,2018
2018-07,Migas,135.71,2018
2018-08,Migas,140.17,2018
2018-09,Migas,122.9,2018
2018-10,Migas,149.96,2018
2018-11,Migas,152.25,2018
2018-12,Migas,154.32,2018
2019-01,Migas,163.77,2018
2019-02,Migas,174.56,2018
2019-03,Migas,180.41,2018
2019-04,Migas,181.55,2018
2019-05,Migas,187.21,2018
2019-06,Migas,201.57,2018
2019-07,Migas,204.73,2018
2019-08,Migas,165.38,2018
2019-09,Migas,141.75,2018
2019-10,Migas,171.46,2018
2019-11,Migas,143.58,2018
2019-12,Migas,156.79,2018
2020-01,Migas,154.0194364019272,2018
2020-02,Migas,153.8119469623149,2018
2020-03,Migas,152.91061954109472,2018
2020-04,Migas,145.76780216603413,2018
2020-05,Migas,145.6202942274544,2018
2020-06,Migas,146.44155229429052,2018
2020-07,Migas,149.64750655561573,2018
2020-08,Migas,150.8511693761135,2018
2020-09,Migas,152.6015137419132,2018
2020-10,Migas,151.6197769271093,2018
2020-11,Migas,153.22626375922994,2018
2020-12,Migas,154.35360874472124,2018
2021-01,Migas,150.90595755815156,2018
2021-02,Migas,157.21150782416774,2018
2021-03,Migas,160.51642714768016,2018
2021-04,Migas,164.03357768450059,2018
2021-05,Migas,163.83928365505844,2018
2021-06,Migas,165.4705940393468,2018
2021-07,Migas,166.974992189774,2018
2021-08,Migas,171.4328652313829,2018
2021-09,Migas,172.04129025358648,2018
2021-10,Migas,172.05323887702494,2018
2021-11,Migas,178.09845072254714,2018
2021-12,Migas,182.77972197909847,2018
2022-01,Migas,180.48722281182972,2018
2022-02,Migas,169.5782643679998,2018
2022-03,Migas,179.23777167037892,2018
2022-04,Migas,181.38832663425435,2018
2022-05,Migas,187.67218078030362,2018
2022-06,Migas,189.40135070235544,2018
2022-07,Migas,188.9696715040272,2018
2022-08,Migas,194.79692795337257,2018
2022-09,Migas,195.0127670133715,2018
2022-10,Migas,191.0018195012133,2018
2022-11,Migas,188.83314686408482,2018
2022-12,Migas,185.61842902333535,2018
2023-01,Migas,177.97826465283285,2018
2023-02,Migas,177.59,2018
2023-03,Migas,186.45838802496084,2018
2023-04,Migas,175.59,2018
2023-05,Migas,179.45,2018
2023-06,Migas,179.72,2018
2023-07,Migas,176.86,2018
2023-08,Migas,178.23,2018
2023-09,Migas,178.38,2018
2023-10,Migas,172.78,2018
2023-11,Migas,174.35,2018
2023-12,Migas,178.13,2018
2024-01,Migas,176.74,2018
2024-02,Migas,174.54,2018
2024-03,Migas,175.18,2018
2024-04,Migas,176.66,2018
2024-05,Migas,174.1,2018
2024-06,Migas,176.42,2018
2024-07,Migas,180.58,2018
2024-08,Migas,183.46,2018
2024-09,Migas,179.08,2018
2024-10,Migas,179.17,2018
2024-11,Migas,176.56,2018
2024-12,Migas,172.35,2018
2025-01,Migas,172.37,2018
2025-02,Migas,173.44,2018
2025-03,Migas,173.47,2018
2025-04,Migas,173.98,2018
2025-05,Migas,173.99,2018
2025-09,Migas,7.0,2018
2003-01,NonMigas,170.0,2018
2003-02,NonMigas,171.0,2018
2003-03,NonMigas,171.0,2018
2003-04,NonMigas,172.0,2018
2003-05,NonMigas,173.0,2018
2003-06,NonMigas,175.0,2018
2003-07,NonMigas,177.0,2018
2003-08,NonMigas,178.0,2018
2003-09,NonMigas,179.0,2018
2003-10,NonMigas,181.0,2018
2003-11,NonMigas,182.0,2018
2003-12,NonMigas,185.0,2018
2004-01,NonMigas,185.0,2018
2004-02,NonMigas,189.0,2018
2004-03,NonMigas,189.0,2018
2004-04,NonMigas,190.0,2018
2004-05,NonMigas,191.0,2018
2004-06,NonMigas,195.0,2018
2004-07,NonMigas,195.0,2018
2004-08,NonMigas,197.0,2018
2004-09,NonMigas,197.0,2018
2004-10,NonMigas,199.0,2018
2004-11,NonMigas,200.0,2018
2004-12,NonMigas,201.0,2018
2005-01,NonMigas,202.0,2018
2005-02,NonMigas,206.0,2018
2005-03,NonMigas,204.0,2018
2005-04,NonMigas,204.0,2018
2005-05,NonMigas,205.0,2018
2005-06,NonMigas,205.0,2018
2005-07,NonMigas,207.0,2018
2005-08,NonMigas,207.0,2018
2005-09,NonMigas,208.0,2018
2005-10,NonMigas,208.0,2018
2005-11,NonMigas,209.0,2018
2005-12,NonMigas,210.0,2018
2006-01,NonMigas,212.0,2018
2006-02,NonMigas,213.0,2018
2006-03,NonMigas,215.0,2018
2006-04,NonMigas,215.0,2018
2006-05,NonMigas,216.0,2018
2006-06,NonMigas,217.0,2018
2006-07,NonMigas,218.0,2018
2006-08,NonMigas,219.0,2018
2006-09,NonMigas,220.0,2018
2006-10,NonMigas,221.0,2018
2006-11,NonMigas,222.0,2018
2006-12,NonMigas,223.0,2018
2007-01,NonMigas,224.0,2018
2007-02,NonMigas,225.0,2018
2007-03,NonMigas,225.0,2018
2007-04,NonMigas,226.0,2018
2007-05,NonMigas,227.0,2018
2007-06,NonMigas,229.0,2018
2007-07,NonMigas,231.0,2018
2007-08,NonMigas,234.0,2018
2007-09,NonMigas,235.0,2018
2007-10,NonMigas,238.0,2018
2007-11,NonMigas,240.0,2018
2007-12,NonMigas,243.0,2018
2008-01,NonMigas,246.0,2018
2008-02,NonMigas,249.0,2018
2008-03,NonMigas,251.0,2018
2008-04,NonMigas,254.0,2018
2008-05,NonMigas,255.0,2018
2008-06,NonMigas,257.0,2018
2008-07,NonMigas,258.0,2018
2008-08,NonMigas,259.0,2018
2008-09,NonMigas,260.0,2018
2008-10,NonMigas,261.0,2018
2008-11,NonMigas,262.0,2018
2008-12,NonMigas,262.0,2018
2009-01,NonMigas,263.0,2018
2009-02,NonMigas,263.0,2018
2009-03,NonMigas,263.0,2018
2009-04,NonMigas,265.0,2018
2009-05,NonMigas,265.0,2018
2009-06,NonMigas,266.0,2018
2009-07,NonMigas,266.0,2018
2009-08,NonMigas,266.0,2018
2009-09,NonMigas,266.0,2018
2009-10,NonMigas,266.0,2018
2009-11,NonMigas,267.0,2018
2009-12,NonMigas,268.0,2018
2010-01,NonMigas,139.0,2018
2010-02,NonMigas,139.0,2018
2010-03,NonMigas,139.0,2018
2010-04,NonMigas,140.16,2018
2010-05,NonMigas,142.63,2018
2010-06,NonMigas,144.4,2018
2010-07,NonMigas,142.92,2018
2010-08,NonMigas,142.54,2018
2010-09,NonMigas,142.97,2018
2010-10,NonMigas,0.0,2018
2010-11,NonMigas,143.0,2018
2010-12,NonMigas,143.67,2018
2011-01,NonMigas,144.73,2018
2011-02,NonMigas,142.0,2018
2011-03,NonMigas,145.0,2018
2011-04,NonMigas,145.97,2018
2011-05,NonMigas,145.83,2018
2011-06,NonMigas,146.47,2018
2011-07,NonMigas,147.41,2018
2011-08,NonMigas,148.05,2018
2011-09,NonMigas,148.56,2018
2011-10,NonMigas,148.53,2018
2011-11,NonMigas,149.62,2018
2011-12,NonMigas,150.03,2018
2012-01,NonMigas,150.18,2018
2012-02,NonMigas,150.38,2018
2012-03,NonMigas,148.0,2018
2012-04,NonMigas,151.31,2018
2012-05,NonMigas,151.58,2018
2012-06,NonMigas,153.94,2018
2012-07,NonMigas,154.76,2018
2012-08,NonMigas,154.09,2018
2012-09,NonMigas,153.75,2018
2012-10,NonMigas,153.11,2018
2012-11,NonMigas,153.2,2018
2012-12,NonMigas,153.5,2018
2013-01,NonMigas,153.63,2018
2013-02,NonMigas,152.63,2018
2013-03,NonMigas,152.37,2018
2013-04,NonMigas,153.16,2018
2013-05,NonMigas,153.43,2018
2013-06,NonMigas,155.26,2018
2013-07,NonMigas,155.31,2018
2013-08,NonMigas,154.92,2018
2013-09,NonMigas,155.19,2018
2013-10,NonMigas,155.94,2018
2013-11,NonMigas,156.36,2018
2013-12,NonMigas,159.76,2018
2014-01,NonMigas,165.81,2018
2014-02,NonMigas,168.0,2018
2014-03,NonMigas,126.97,2018
2014-04,NonMigas,129.46,2018
2014-05,NonMigas,153.03,2018
2014-06,NonMigas,130.08,2018
2014-07,NonMigas,130.34,2018
2014-08,NonMigas,128.23,2018
2014-09,NonMigas,128.28,2018
2014-10,NonMigas,127.16,2018
2014-11,NonMigas,127.32,2018
2014-12,NonMigas,129.19,2018
2015-01,NonMigas,128.12,2018
2015-02,NonMigas,127.24,2018
2015-03,NonMigas,129.25,2018
2015-04,NonMigas,129.91,2018
2015-05,NonMigas,133.69,2018
2015-06,NonMigas,129.07,2018
2015-07,NonMigas,136.46,2018
2015-08,NonMigas,133.87,2018
2015-09,NonMigas,135.42,2018
2015-10,NonMigas,135.66,2018
2015-11,NonMigas,137.37,2018
2015-12,NonMigas,134.84,2018
2016-01,NonMigas,137.89,2018
2016-02,NonMigas,141.13,2018
2016-03,NonMigas,139.37,2018
2016-04,NonMigas,136.62,2018
2016-05,NonMigas,136.73,2018
2016-06,NonMigas,138.38,2018
2016-07,NonMigas,136.98,2018
2016-08,NonMigas,140.44,2018
2016-09,NonMigas,139.37,2018
2016-10,NonMigas,137.12,2018
2016-11,NonMigas,141.29,2018
2016-12,NonMigas,149.04,2018
2017-01,NonMigas,148.23,2018
2017-02,NonMigas,150.56,2018
2017-03,NonMigas,148.52,2018
2017-04,NonMigas,151.45,2018
2017-05,NonMigas,149.45,2018
2017-06,NonMigas,148.87,2018
2017-07,NonMigas,148.94,2018
2017-08,NonMigas,146.11,2018
2017-09,NonMigas,149.85,2018
2017-10,NonMigas,150.25,2018
2017-11,NonMigas,154.21,2018
2017-12,NonMigas,154.3,2018
2018-01,NonMigas,152.9,2018
2018-02,NonMigas,151.75,2018
2018-03,NonMigas,149.08,2018
2018-04,NonMigas,149.45,2018
2018-05,NonMigas,149.68,2018
2018-06,NonMigas,152.4,2018
2018-07,NonMigas,154.02,2018
2018-08,NonMigas,154.33,2018
2018-09,NonMigas,151.85,2018
2018-10,NonMigas,155.23,2018
2018-11,NonMigas,155.18,2018
2018-12,NonMigas,157.4,2018
2019-01,NonMigas,157.59,2018
2019-02,NonMigas,158.88,2018
2019-03,NonMigas,159.18,2018
2019-04,NonMigas,160.93,2018
2019-05,NonMigas,160.49,2018
2019-06,NonMigas,161.42,2018
2019-07,NonMigas,162.32,2018
2019-08,NonMigas,162.03,2018
2019-09,NonMigas,160.6,2018
2019-10,NonMigas,159.27,2018
2019-11,NonMigas,159.54,2018
2019-12,NonMigas,159.79,2018
2020-01,NonMigas,160.34,2018
2020-02,NonMigas,160.21,2018
2020-03,NonMigas,160.9,2018
2020-04,NonMigas,160.45,2018
2020-05,NonMigas,159.84,2018
2020-06,NonMigas,160.7,2018
2020-07,NonMigas,160.99,2018
2020-08,NonMigas,160.47,2018
2020-09,NonMigas,160.2,2018
2020-10,NonMigas,159.91,2018
2020-11,NonMigas,160.28,2018
2020-12,NonMigas,158.04,2018
2021-01,NonMigas,159.55,2018
2021-02,NonMigas,6.0,2018
2021-03,NonMigas,158.39,2018
2021-04,NonMigas,161.0,2018
2021-05,NonMigas,161.0,2018
2021-06,NonMigas,159.0,2018
2021-07,NonMigas,159.0,2018
2021-08,NonMigas,159.0,2018
2021-09,NonMigas,160.0,2018
2021-10,NonMigas,163.0,2018
2021-11,NonMigas,164.0,2018
2021-12,NonMigas,168.0,2018
2022-03,NonMigas,4.0,2018
2025-09,NonMigas,6.0,2018
2010-01,Pertambangan,209.83,2018
2010-02,Pertambangan,210.39,2018
2010-03,Pertambangan,210.6,2018
2010-04,Pertambangan,211.07,2018
2010-05,Pertambangan,211.57,2018
2010-06,Pertambangan,212.29,2018
2010-07,Pertambangan,212.02,2018
2010-08,Pertambangan,212.63,2018
2010-09,Pertambangan,213.39,2018
2010-11,Pertambangan,214.17,2018
2010-12,Pertambangan,214.4,2018
2011-01,Pertambangan,215.35,2018
2011-02,Pertambangan,212.31,2018
2011-03,Pertambangan,217.32,2018
2011-04,Pertambangan,218.04,2018
2011-05,Pertambangan,218.7,2018
2011-06,Pertambangan,219.36,2018
2011-07,Pertambangan,221.3,2018
2011-08,Pertambangan,221.57,2018
2011-09,Pertambangan,221.3,2018
2011-10,Pertambangan,221.63,2018
2011-11,Pertambangan,223.12,2018
2011-12,Pertambangan,223.81,2018
2012-01,Pertambangan,225.13,2018
2012-02,Pertambangan,226.66,2018
2012-03,Pertambangan,221.49,2018
2012-04,Pertambangan,228.24,2018
2012-05,Pertambangan,228.5,2018
2012-06,Pertambangan,230.56,2018
2012-07,Pertambangan,231.62,2018
2012-08,Pertambangan,231.92,2018
2012-09,Pertambangan,232.52,2018
2012-10,Pertambangan,232.1,2018
2012-11,Pertambangan,231.69,2018
2012-12,Pertambangan,230.99,2018
2013-01,Pertambangan,231.33,2018
2013-02,Pertambangan,232.26,2018
2013-03,Pertambangan,232.7,2018
2013-04,Pertambangan,231.2,2018
2013-05,Pertambangan,234.69,2018
2013-06,Pertambangan,235.59,2018
2013-07,Pertambangan,235.95,2018
2013-08,Pertambangan,236.38,2018
2013-09,Pertambangan,236.12,2018
2013-10,Pertambangan,236.56,2018
2013-11,Pertambangan,242.6,2018
2013-12,Pertambangan,242.98,2018
2014-01,Pertambangan,243.52,2018
2014-02,Pertambangan,246.0,2018
2014-03,Pertambangan,108.65,2018
2014-04,Pertambangan,108.87,2018
2014-05,Pertambangan,217.33,2018
2014-06,Pertambangan,109.32,2018
2014-07,Pertambangan,109.72,2018
2014-08,Pertambangan,112.86,2018
2014-09,Pertambangan,120.3,2018
2014-10,Pertambangan,119.05,2018
2014-11,Pertambangan,119.09,2018
2014-12,Pertambangan,119.26,2018
2015-01,Pertambangan,119.47,2018
2015-02,Pertambangan,119.16,2018
2015-03,Pertambangan,118.57,2018
2015-04,Pertambangan,119.08,2018
2015-05,Pertambangan,120.78,2018
2015-06,Pertambangan,117.22,2018
2015-07,Pertambangan,121.32,2018
2015-08,Pertambangan,121.5,2018
2015-09,Pertambangan,120.26,2018
2015-10,Pertambangan,120.59,2018
2015-11,Pertambangan,119.77,2018
2015-12,Pertambangan,119.43,2018
2016-01,Pertambangan,118.82,2018
2016-02,Pertambangan,119.36,2018
2016-03,Pertambangan,119.97,2018
2016-04,Pertambangan,119.13,2018
2016-05,Pertambangan,119.17,2018
2016-06,Pertambangan,119.17,2018
2016-07,Pertambangan,119.87,2018
2016-08,Pertambangan,119.3,2018
2016-09,Pertambangan,118.5,2018
2016-10,Pertambangan,118.89,2018
2016-11,Pertambangan,117.93,2018
2016-12,Pertambangan,118.07,2018
2017-01,Pertambangan,116.44,2018
2017-02,Pertambangan,118.14,2018
2017-03,Pertambangan,117.75,2018
2017-04,Pertambangan,118.19,2018
2017-05,Pertambangan,118.47,2018
2017-06,Pertambangan,119.16,2018
2017-07,Pertambangan,120.32,2018
2017-08,Pertambangan,118.43,2018
2017-09,Pertambangan,120.17,2018
2017-10,Pertambangan,118.27,2018
2017-11,Pertambangan,120.46,2018
2017-12,Pertambangan,121.19,2018
2018-01,Pertambangan,121.48,2018
2018-02,Pertambangan,121.55,2018
2018-03,Pertambangan,121.68,2018
2018-04,Pertambangan,120.69,2018
2018-05,Pertambangan,120.69,2018
2018-06,Pertambangan,121.77,2018
2018-07,Pertambangan,122.49,2018
2018-08,Pertambangan,122.48,2018
2018-09,Pertambangan,121.08,2018
2018-10,Pertambangan,123.68,2018
2018-11,Pertambangan,124.46,2018
2018-12,Pertambangan,125.6,2018
2019-01,Pertambangan,128.22,2018
2019-02,Pertambangan,126.75,2018
2019-03,Pertambangan,127.0,2018
2019-04,Pertambangan,126.3,2018
2019-05,Pertambangan,127.6,2018
2019-06,Pertambangan,128.82,2018
2019-07,Pertambangan,127.22,2018
2019-08,Pertambangan,129.76,2018
2019-09,Pertambangan,129.31,2018
2019-10,Pertambangan,127.06,2018
2019-11,Pertambangan,130.39,2018
2019-12,Pertambangan,130.16,2018
2020-01,Pertambangan,101.60716424,2018
2020-02,Pertambangan,102.2079911,2018
2020-03,Pertambangan,101.80622915,2018
2020-04,Pertambangan,101.08025763,2018
2020-05,Pertambangan,100.12376177,2018
2020-06,Pertambangan,100.33972077,2018
2020-07,Pertambangan,99.95847216,2018
2020-08,Pertambangan,98.83545901,2018
2020-09,Pertambangan,98.51284272439266,2018
2020-10,Pertambangan,98.9642668965115,2018
2020-11,Pertambangan,100.64039204,2018
2020-12,Pertambangan,102.63688093,2018
2021-01,Pertambangan,100.55945320174202,2018
2021-02,Pertambangan,103.62877184,2018
2021-03,Pertambangan,103.43770215,2018
2021-04,Pertambangan,103.32156278,2018
2021-05,Pertambangan,103.55707916,2018
2021-06,Pertambangan,103.98483123,2018
2021-07,Pertambangan,102.78916361,2018
2021-08,Pertambangan,102.7086142,2018
2021-09,Pertambangan,102.18203334,2018
2021-10,Pertambangan,101.23497594,2018
2021-11,Pertambangan,100.69875821,2018
2021-12,Pertambangan,100.47506841,2018
2022-01,Pertambangan,102.16434245,2018
2022-02,Pertambangan,102.51524194333335,2018
2022-03,Pertambangan,102.96805999,2018
2022-04,Pertambangan,101.79663042,2018
2022-05,Pertambangan,103.35153964,2018
2022-06,Pertambangan,103.67627041,2018
2022-07,Pertambangan,103.78648589,2018
2022-08,Pertambangan,105.82451811,2018
2022-09,Pertambangan,106.43845106,2018
2022-10,Pertambangan,103.71270312,2018
2022-11,Pertambangan,103.89698067,2018
2022-12,Pertambangan,102.62048542,2018
2023-01,Pertambangan,103.05270347,2018
2023-02,Pertambangan,105.60844474,2018
2023-03,Pertambangan,103.89443941166668,2018
2023-04,Pertambangan,107.24,2018
2023-05,Pertambangan,106.99,2018
2023-06,Pertambangan,107.52,2018
2023-07,Pertambangan,107.29,2018
2023-08,Pertambangan,107.91,2018
2023-09,Pertambangan,108.75,2018
2023-10,Pertambangan,109.22,2018
2023-11,Pertambangan,109.08,2018
2023-12,Pertambangan,109.41,2018
2024-01,Pertambangan,109.76,2018
2024-02,Pertambangan,110.95,2018
2024-03,Pertambangan,112.69,2018
2024-04,Pertambangan,108.9,2018
2024-05,Pertambangan,113.16,2018
2024-06,Pertambangan,114.64,2018
2024-07,Pertambangan,116.72,2018
2024-08,Pertambangan,117.05,2018
2024-09,Pertambangan,116.95,2018
2024-10,Pertambangan,116.79,2018
2024-11,Pertambangan,114.78,2018
2024-12,Pertambangan,113.46,2018
2025-01,Pertambangan,111.75,2018
2025-02,Pertambangan,111.69,2018
2025-03,Pertambangan,112.69,2018
2025-04,Pertambangan,114.23,2018
2025-05,Pertambangan,114.23,2018
2025-09,Pertambangan,2.0,2018
2010-01,Pertanian,222.44,2018
2010-02,Pertanian,223.86,2018
2010-03,Pertanian,224.43,2018
2010-04,Pertanian,224.58,2018
2010-05,Pertanian,225.02,2018
2010-06,Pertanian,229.48,2018
2010-07,Pertanian,233.43,2018
2010-08,Pertanian,236.64,2018
2010-09,Pertanian,238.07,2018
2010-11,Pertanian,237.87,2018
2010-12,Pertanian,239.12,2018
2011-01,Pertanian,242.24,2018
2011-02,Pertanian,231.43,2018
2011-03,Pertanian,246.59,2018
2011-04,Pertanian,247.03,2018
2011-05,Pertanian,245.06,2018
2011-06,Pertanian,243.07,2018
2011-07,Pertanian,242.87,2018
2011-08,Pertanian,245.59,2018
2011-09,Pertanian,248.04,2018
2011-10,Pertanian,252.64,2018
2011-11,Pertanian,253.31,2018
2011-12,Pertanian,253.51,2018
2012-01,Pertanian,253.23,2018
2012-02,Pertanian,254.37,2018
2012-03,Pertanian,248.78,2018
2012-04,Pertanian,257.93,2018
2012-05,Pertanian,259.6,2018
2012-06,Pertanian,258.39,2018
2012-07,Pertanian,259.2,2018
2012-08,Pertanian,260.16,2018
2012-09,Pertanian,262.54,2018
2012-10,Pertanian,265.25,2018
2012-11,Pertanian,268.34,2018
2012-12,Pertanian,267.41,2018
2013-01,Pertanian,268.03,2018
2013-02,Pertanian,266.1,2018
2013-03,Pertanian,266.09,2018
2013-04,Pertanian,263.25,2018
2013-05,Pertanian,276.72,2018
2013-06,Pertanian,279.5,2018
2013-07,Pertanian,281.45,2018
2013-08,Pertanian,281.38,2018
2013-09,Pertanian,281.83,2018
2013-10,Pertanian,283.59,2018
2013-11,Pertanian,294.42,2018
2013-12,Pertanian,298.72,2018
2014-01,Pertanian,296.49,2018
2014-02,Pertanian,300.0,2018
2014-03,Pertanian,148.2,2018
2014-04,Pertanian,151.48,2018
2014-05,Pertanian,264.48,2018
2014-06,Pertanian,160.16,2018
2014-07,Pertanian,161.47,2018
2014-08,Pertanian,160.76,2018
2014-09,Pertanian,162.03,2018
2014-10,Pertanian,161.69,2018
2014-11,Pertanian,166.03,2018
2014-12,Pertanian,170.83,2018
2015-01,Pertanian,173.05,2018
2015-02,Pertanian,179.23,2018
2015-03,Pertanian,187.34,2018
2015-04,Pertanian,201.23,2018
2015-05,Pertanian,216.79,2018
2015-06,Pertanian,175.05,2018
2015-07,Pertanian,212.08,2018
2015-08,Pertanian,203.5,2018
2015-09,Pertanian,204.45,2018
2015-10,Pertanian,207.38,2018
2015-11,Pertanian,222.62,2018
2015-12,Pertanian,233.63,2018
2016-01,Pertanian,240.51,2018
2016-02,Pertanian,257.1,2018
2016-03,Pertanian,263.79,2018
2016-04,Pertanian,262.41,2018
2016-05,Pertanian,277.04,2018
2016-06,Pertanian,303.63,2018
2016-07,Pertanian,240.68,2018
2016-08,Pertanian,311.56,2018
2016-09,Pertanian,316.03,2018
2016-10,Pertanian,351.3,2018
2016-11,Pertanian,348.58,2018
2016-12,Pertanian,349.45,2018
2017-01,Pertanian,358.46,2018
2017-02,Pertanian,367.23,2018
2017-03,Pertanian,377.35,2018
2017-04,Pertanian,377.93,2018
2017-05,Pertanian,378.33,2018
2017-06,Pertanian,380.68,2018
2017-07,Pertanian,383.96,2018
2017-08,Pertanian,358.41,2018
2017-09,Pertanian,387.21,2018
2017-10,Pertanian,387.49,2018
2017-11,Pertanian,382.57,2018
2017-12,Pertanian,368.43,2018
2018-01,Pertanian,363.12,2018
2018-02,Pertanian,363.23,2018
2018-03,Pertanian,365.86,2018
2018-04,Pertanian,365.04,2018
2018-05,Pertanian,362.75,2018
2018-06,Pertanian,362.11,2018
2018-07,Pertanian,361.9,2018
2018-08,Pertanian,366.44,2018
2018-09,Pertanian,369.68,2018
2018-10,Pertanian,370.4,2018
2018-11,Pertanian,370.66,2018
2018-12,Pertanian,372.29,2018
2019-01,Pertanian,372.08,2018
2019-02,Pertanian,371.19,2018
2019-03,Pertanian,371.22,2018
2019-04,Pertanian,373.42,2018
2019-05,Pertanian,371.45,2018
2019-06,Pertanian,366.47,2018
2019-07,Pertanian,366.92,2018
2019-08,Pertanian,365.69,2018
2019-09,Pertanian,367.63,2018
2019-10,Pertanian,369.95,2018
2019-11,Pertanian,369.31,2018
2019-12,Pertanian,360.95,2018
2020-01,Pertanian,360.01,2018
2020-02,Pertanian,364.46,2018
2020-03,Pertanian,372.77,2018
2020-04,Pertanian,375.93,2018
2020-05,Pertanian,377.71,2018
2020-06,Pertanian,379.19,2018
2020-07,Pertanian,372.05,2018
2020-08,Pertanian,370.31,2018
2020-09,Pertanian,368.95,2018
2020-10,Pertanian,369.14,2018
2020-11,Pertanian,370.07,2018
2021-02,Pertanian,1.0,2018
2025-09,Pertanian,1.0,2018
