periode,kurs_tengah,kurs_jual,kurs_beli
2010-01,9254.9,9301.18,9208.63
2010-02,9353.15,9399.92,9306.38
2010-03,9144.62,9190.34,9098.89
2010-04,9029.45,9074.6,8984.31
2010-05,9194.45,9240.42,9148.48
2010-06,9147.52,9193.26,9101.79
2010-07,9019.35,9064.44,8974.25
2010-08,8919.82,8964.41,8875.22
2010-09,8972.6,9017.46,8927.73
2010-10,8910.13,8954.68,8865.58
2010-11,8523.57,8566.19,8480.95
2010-12,9000.71,9045.72,8955.71
2011-01,8989.61,9034.56,8944.66
2011-02,8865.7,8910.03,8821.37
2011-03,8739.63,8783.33,8695.93
2011-04,8637.03,8680.22,8593.84
2011-05,8541.75,8584.46,8499.04
2011-06,8551.23,8593.98,8508.47
2011-07,8523.48,8566.09,8480.86
2011-08,8478.38,8520.77,8435.99
2011-09,8695.26,8738.73,8651.78
2011-10,8826.44,8870.58,8782.31
2011-11,8975.9,9020.78,8931.02
2011-12,9043.01,9088.22,8997.79
2012-01,9050.61,9095.87,9005.36
2012-02,8594.4,8637.38,8551.43
2012-03,9125.11,9170.74,9079.49
2012-04,9143.09,9188.8,9097.37
2012-05,9210.11,9256.16,9164.06
2012-06,9381.33,9428.23,9334.42
2012-07,9407.53,9454.56,9360.49
2012-08,9461.41,9508.72,9414.11
2012-09,9524.59,9572.22,9476.97
2012-10,9561.41,9609.22,9513.61
2012-11,9579.44,9627.34,9531.54
2012-12,9607.82,9655.86,9559.78
2013-01,9630.4,9678.55,9582.24
2013-02,9649.66,9697.9,9601.41
2013-03,9668.43,9716.77,9620.08
2013-04,9687.31,9735.75,9638.88
2013-05,9721.11,9769.71,9672.5
2013-06,9799.57,9848.57,9750.57
2013-07,9986.55,10036.48,9936.62
2013-08,10500.09,10552.59,10447.59
2013-09,11263.76,11320.08,11207.44
2013-10,11210.57,11266.62,11154.51
2013-11,11162.8,11218.61,11106.99
2013-12,11590.97,11648.93,11533.02
2014-01,12035.48,12095.66,11975.3
2014-02,11834.6,11893.77,11775.43
2014-03,11425.95,11483.08,11368.82
2014-04,11421.09,11478.2,11363.99
2014-05,11507.05,11564.58,11449.51
2014-06,11879.19,11938.59,11819.79
2014-07,11666.13,11724.46,11607.8
2014-08,11709.62,11768.17,11651.07
2014-09,11874.0,11933.37,11814.63
2014-10,12133.17,12193.84,12072.51
2014-11,12146.9,12207.63,12086.17
2014-12,12422.74,12484.85,12360.63
2015-01,12527.77,12590.41,12465.13
2015-02,12735.15,12798.83,12671.47
2015-03,13034.05,13099.22,12968.88
2015-04,12938.14,13002.83,12873.45
2015-05,13082.76,13148.18,13017.35
2015-06,13282.5,13348.91,13216.09
2015-07,13351.61,13418.37,13284.85
2015-08,13690.0,13758.45,13621.55
2015-09,14343.95,14415.67,14272.23
2015-10,13761.0,13829.8,13692.2
2015-11,13612.1,13680.16,13544.03
2015-12,13813.52,13882.59,13744.45
2016-01,13840.71,13909.92,13771.51
2016-02,13499.95,13567.45,13432.45
2016-03,13122.96,13188.57,13057.34
2016-04,13147.95,13213.69,13082.21
2016-05,13395.45,13462.43,13328.48
2016-06,13334.27,13400.94,13267.6
2016-07,13101.62,13167.13,13036.11
2016-08,13145.39,13211.12,13079.66
2016-09,13114.05,13179.62,13048.48
2016-10,13015.24,13080.31,12950.16
2016-11,13317.05,13383.63,13250.46
2016-12,13414.55,13481.62,13347.47
2017-01,13352.23,13418.99,13285.47
2017-02,13330.6,13397.25,13263.95
2017-03,13332.39,13399.05,13265.73
2017-04,13290.65,13357.1,13224.2
2017-05,13317.13,13383.72,13250.54
2017-06,13294.77,13361.25,13228.3
2017-07,13332.8,13399.46,13266.14
2017-08,13332.17,13398.83,13265.51
2017-09,13300.67,13367.17,13234.16
2017-10,13517.91,13585.5,13450.32
2017-11,13515.52,13583.1,13447.95
2017-12,13548.0,13615.74,13480.26
2018-01,13384.74,13451.66,13317.82
2018-02,13579.65,13647.55,13511.75
2018-03,13749.05,13817.79,13680.3
2018-04,13799.36,13868.36,13730.37
2018-05,14071.2,14141.56,14000.85
2018-06,13988.73,14058.68,13918.79
2018-07,14407.46,14479.5,14335.42
2018-08,14551.13,14623.88,14478.37
2018-09,14864.54,14938.86,14790.22
2018-10,15215.07,15291.14,15138.99
2018-11,14706.37,14779.9,14632.84
2018-12,14525.52,14598.15,14452.89
2019-01,14182.65,14253.57,14111.74
2019-02,14027.04,14097.17,13956.9
2019-03,14213.8,14284.87,14142.73
2019-04,14145.93,14216.66,14075.2
2019-05,14387.61,14459.55,14315.68
2019-06,14248.32,14319.57,14177.08
2019-07,14073.09,14143.46,14002.73
2019-08,14256.91,14328.2,14185.63
2019-09,14131.8,14202.45,14061.14
2019-10,14135.52,14206.19,14064.84
2019-11,14019.37,14089.47,13949.27
2019-12,13989.82,14059.77,13919.87
2020-01,13679.38,13747.78,13610.99
2020-02,13758.87,13827.66,13690.07
2020-03,15119.27,15194.86,15043.67
2020-04,15782.95,15861.87,15704.04
2020-05,14885.24,14959.67,14810.82
2020-06,14184.58,14255.5,14113.65
2020-07,14516.47,14589.05,14443.89
2020-08,14641.91,14715.12,14568.7
2020-09,14803.13,14877.15,14729.12
2020-10,14717.47,14791.05,14643.88
2020-11,14187.22,14258.15,14116.28
2020-12,14101.69,14172.2,14031.18
2021-01,14015.52,14085.6,13945.44
2021-02,13999.61,14069.61,13929.61
2021-03,14379.49,14451.39,14307.6
2021-04,14561.08,14633.88,14488.27
2021-05,14333.95,14405.62,14262.28
2021-06,14364.23,14436.05,14292.41
2021-07,14543.39,14616.1,14470.67
2021-08,14406.07,14478.1,14334.04
2021-09,14270.02,14341.37,14198.67
2021-10,14194.09,14265.06,14123.12
2021-11,14285.52,14356.95,14214.1
2021-12,14323.86,14395.48,14252.24
2022-01,14339.84,14411.54,14268.14
2022-02,14352.96,14424.72,14281.19
2022-03,14343.6,14415.32,14271.89
2022-04,14382.05,14453.96,14310.14
2022-05,14571.08,14643.94,14498.23
2022-06,14681.79,14755.2,14608.38
2022-07,14980.68,15055.58,14905.77
2022-08,14825.07,14899.19,14750.94
2022-09,14973.4,15048.27,14898.54
2022-10,15409.56,15486.61,15332.51
2022-11,15649.07,15727.32,15570.83
2022-12,15576.14,15654.02,15498.26
2023-01,15253.12,15329.38,15176.85
2023-02,15137.85,15213.53,15062.16
2023-03,15287.44,15363.88,15211.01
2023-04,14885.25,14959.68,14810.82
2023-05,14818.76,14892.85,14744.66
2023-06,14935.61,15010.29,14860.94
2023-07,15044.08,15119.3,14968.86
2023-08,15251.62,15327.88,15175.36
2023-09,15361.92,15438.73,15285.11
2023-10,15734.05,15812.72,15655.38
2023-11,15558.59,15636.38,15480.8
2023-12,15460.96,15538.27,15383.66
2024-01,15597.17,15675.16,15519.19
2024-02,15656.26,15734.54,15577.98
2024-03,15699.34,15777.83,15620.84
2024-04,16078.07,16158.46,15997.68
2024-05,16076.96,16157.34,15996.57
2024-06,16346.97,16428.7,16265.23
2024-07,16253.82,16335.09,16172.55
2024-08,15770.6,15849.45,15691.74
2024-09,15338.35,15415.04,15261.66
2024-10,15574.2,15652.08,15496.33
2024-11,15815.47,15894.55,15736.39
2024-12,15948.04,16027.78,15868.3
2025-01,16232.06,16313.22,16150.9
2025-02,16313.07,16394.64,16231.51
2025-03,16428.74,16510.89,16346.6
2025-04,16797.53,16881.52,16713.54
2025-05,16442.39,16524.6,16360.17
2025-06,16211.37,16292.43,16130.31
2025-07,16280.6,16362.0,16199.19
2025-08,16292.61,16374.07,16211.15
2025-09,16505.56,16588.09,16423.04
2025-10,16547.81,16630.55,16465.07
2025-11,16676.34,16759.72,16592.96
2025-12,16673.64,16757.01,16590.27
2026-01,16800.11,16884.11,16716.11
2026-02,16810.73,16894.78,16726.68
2026-03,16902.35,16986.86,16817.84
2026-04,17110.62,17196.17,17025.07
2026-05,17547.14,17634.88,17459.41
2026-06,17897.97,17987.46,17808.48
2026-07,18000.48,18090.49,17910.48
